research_question,contrast_or_profile,policy_or_scope,frozen_finding,journal_interpretation_boundary
RQ1,V1-V4 versus V0,S2_B0_FAIL_CLOSED and S2_S1_EVIDENCE_AWARE,"Omission, stale/replay, contradiction, and post-signature manipulation changed the frozen recovery-gate behavior to restrictive/hold; under the frozen hidden prerequisites the adjudicated unsafe-permissive rate changed by -1.0 versus V0.","Effect is specific to the frozen Block-A scenarios and endpoints; it is not a universal security score."
RQ1,V5 versus V0,S2_B0_FAIL_CLOSED and S2_S1_EVIDENCE_AWARE,"Evidence-qualified trusted recovery increased by +1.0 and restricted recovery time changed by -230 logical SIL seconds, while adjudicated unsafe-permissive remained 1.0.","Authenticated/current policy-visible evidence can still be false relative to research-only adjudication truth under the bounded producer-compromise model; evidence qualification is not objective correctness."
RQ1,Policy comparison within Block A,S2_S1_EVIDENCE_AWARE versus baselines,"S2_S1_EVIDENCE_AWARE and S2_B0_FAIL_CLOSED had identical primary endpoint estimates; comparisons with S2_B2_RISK_THRESHOLD showed endpoint-specific permissiveness/recovery trade-offs.","No global policy rank or weighted score is supported."
RQ2,K0-S2 contact profiles,S2_S1_EVIDENCE_AWARE,"Evidence-qualified recovery occurred at 10, 25, 65, 185, and 30 logical SIL seconds for K0, K1, K2, K3, and K4 respectively; unsafe-permissive rate remained 0.","K4 is an intermittent/flapping profile and is not ordinal severity 4; logical SIL seconds are not operational latency."
RQ2,Non-K0 versus K0,S2_B0_FAIL_CLOSED,"Initial permissive action under unavailable authorization produced an unsafe-permissive increase of +1.0 versus K0 for K1, K2, K3, and K4; the K0-K3 unsafe-permissive slope was +0.3 per ordered step.","Contact effects are properties of the modeled authorization/contact contract, not real ground-station or operator timing."
RQ3,BENIGN versus ADVERSARIAL labels,C_FAULT_ATTACK_AMBIGUITY,"All 54 prespecified C-family endpoint contrasts were zero; 0/54 Holm-adjusted contrasts were rejected.","Structural label-invariance/control only: within each ambiguity family the cause label changes neither hidden truth nor generated policy-visible evidence; this is not empirical benign-versus-adversarial causal discrimination evidence."
RQ4,Context ablations,S2_S1_EVIDENCE_AWARE and prespecified ablations,"Removing mission or contact context in the unauthorized-command context increased unsafe-permissive rate by +1.0; in update/recovery the security-only ablation reduced evidence-qualified recovery by 1.0 and increased restricted recovery time by 230 logical SIL seconds.","Secondary n=32 sensitivity/estimation evidence; supports specific context dependencies rather than a universal dominant variable."
RQ5,A3/K0 versus A1/K0,All three Block-E policies,"A3/K0 produced residual unauthorized state in all policies (+1.0 versus A1/K0); S2_B0_FAIL_CLOSED and S2_S1_EVIDENCE_AWARE nevertheless reached evidence-qualified recovery.","Reinforces that policy-visible recovery qualification does not guarantee objective correctness when multiple producers are controlled."
RQ5,A2/K2 coupled profile,S2_S1_EVIDENCE_AWARE versus S2_B0_FAIL_CLOSED,"The evidence-aware selector withheld recovery while the fail-closed baseline recovered with an unsafe-permissive response.","A2/K2 is a coupled producer-compromise/contact-loss profile and must not be described as an unconfounded adversary-only effect."
