global_position	campaign_seed	cell_id	run_id	event_id	evidence_condition_id	requested_policy_id	effective_policy_id	selected_action	execution_commit	M01_unauthorized_effect_completed	M02_mission_objective_completion_ratio	M03_safety_invariant_violation_count	M06_legitimate_commands_rejected	M06_legitimate_commands_attempted	M06_legitimate_command_rejection_rate	mission_loss	terminal_state	trusted_recovery	recovery_failed	operational_unverified	contained_not_recovered	evidence_insufficient	decision_basis
2	10001	A13	20260824T201447Z-wp9-r069-p0002-retry-s10001-a13-74a114cae70a4eccbf3350ea22d1690f	E3	T1	P7	P2	RESTRICT_HIGH_RISK_COMMANDS	97074d0cdc4261de02bc6f618e891a88f45f9cfc	true	0.5	0	0	1	0.0	false	RECOVERY_FAILED	false	true	false	false	true	evidence_insufficient
4	10001	A11	20260824T212248Z-wp9-r069-p0004-s10001-a11-88aa12dfd60a4d5483907b1dfd86b410	E3	T0	P7	P5	REQUEST_VERIFIED_ROLLBACK	97074d0cdc4261de02bc6f618e891a88f45f9cfc	true	1.0	0	0	1	0.0	false	TRUSTED_RECOVERY_CONFIRMED	true	false	false	false	false	event_state_contact
6	10001	A10	20260825T022353Z-wp9-r069-p0006-s10001-a10-22b4f4f0d7984151ab606a85c09a9e06	E3	T0	P2	P2	RESTRICT_HIGH_RISK_COMMANDS	97074d0cdc4261de02bc6f618e891a88f45f9cfc	true	0.5	0	0	1	0.0	false	RECOVERY_FAILED	false	true	false	false	false	fixed_policy
11	10001	A08	20260825T152746Z-wp9-r069-p0011-retry-s10001-a08-5cc4b7a41ae84d1c92bc1c757acbe86d	E1	T1	P2	P2	RESTRICT_HIGH_RISK_COMMANDS	7ed85d5cbeca8f903b3468bc6ccc1c56e29c2446	true	0.5	0	0	1	0.0	false	OPERATIONAL_BUT_UNVERIFIED	false	false	true	false		
16	10001	A12	20260825T160519Z-wp9-r069-p0016-s10001-a12-6f901bb67e424f87af3fddff8d6b34cf	E3	T1	P2	P2	RESTRICT_HIGH_RISK_COMMANDS	7ed85d5cbeca8f903b3468bc6ccc1c56e29c2446	true	0.5	0	0	1	0.0	false	RECOVERY_FAILED	false	true	false	false	false	fixed_policy
17	10001	A04	20260825T161414Z-wp9-r069-p0017-s10001-a04-f463b34ed37948ea97d3d97ac6667ebd	E1	T0	P7	P2	RESTRICT_HIGH_RISK_COMMANDS	7ed85d5cbeca8f903b3468bc6ccc1c56e29c2446	true	0.5	0	0	1	0.0	false	OPERATIONAL_BUT_UNVERIFIED	false	false	true	false		
21	10001	A09	20260825T163210Z-wp9-r069-p0021-s10001-a09-aa3d2b34a93748ad9797562f7a7f5be6	E1	T1	P7	P4	ENTER_SAFE_MODE	7ed85d5cbeca8f903b3468bc6ccc1c56e29c2446	true	0.0	0	1	1	1.0	false	CONTAINED_NOT_RECOVERED	false	false	false	true		
22	10001	A07	20260825T163859Z-wp9-r069-p0022-s10001-a07-e187b1feb63c4d3aaeb63a4d486a6e8d	E1	T0	P2	P2	RESTRICT_HIGH_RISK_COMMANDS	7ed85d5cbeca8f903b3468bc6ccc1c56e29c2446	true	0.5	0	0	1	0.0	false	OPERATIONAL_BUT_UNVERIFIED	false	false	true	false		
26	10002	A11	20260825T170149Z-wp9-r069-p0026-s10002-a11-eefbbd32d92b45fca3567012f0234e95	E3	T0	P7	P5	REQUEST_VERIFIED_ROLLBACK	7ed85d5cbeca8f903b3468bc6ccc1c56e29c2446	true	1.0	0	0	1	0.0	false	TRUSTED_RECOVERY_CONFIRMED	true	false	false	false	false	event_state_contact
27	10002	A12	20260825T170528Z-wp9-r069-p0027-s10002-a12-1701c884593f4bac805b27b4e32b259b	E3	T1	P2	P2	RESTRICT_HIGH_RISK_COMMANDS	7ed85d5cbeca8f903b3468bc6ccc1c56e29c2446	true	0.5	0	0	1	0.0	false	RECOVERY_FAILED	false	true	false	false	false	fixed_policy
29	10002	A13	20260825T171343Z-wp9-r069-p0029-s10002-a13-d792d2d4928b41d6b1a293655fe1eab0	E3	T1	P7	P2	RESTRICT_HIGH_RISK_COMMANDS	7ed85d5cbeca8f903b3468bc6ccc1c56e29c2446	true	0.5	0	0	1	0.0	false	RECOVERY_FAILED	false	true	false	false	true	evidence_insufficient
38	10002	A08	20260825T182458Z-wp9-r069-p0038-s10002-a08-1c14931f6ff04bc6a25afb0c40875c03	E1	T1	P2	P2	RESTRICT_HIGH_RISK_COMMANDS	7ed85d5cbeca8f903b3468bc6ccc1c56e29c2446	true	0.5	0	0	1	0.0	false	OPERATIONAL_BUT_UNVERIFIED	false	false	true	false		
39	10002	A07	20260825T182935Z-wp9-r069-p0039-s10002-a07-c885af73d58a42c8aac76d4a05046b8c	E1	T0	P2	P2	RESTRICT_HIGH_RISK_COMMANDS	7ed85d5cbeca8f903b3468bc6ccc1c56e29c2446	true	0.5	0	0	1	0.0	false	OPERATIONAL_BUT_UNVERIFIED	false	false	true	false		
41	10002	A04	20260825T183814Z-wp9-r069-p0041-s10002-a04-120585a7270b4b55b8d3c335c4386f4c	E1	T0	P7	P2	RESTRICT_HIGH_RISK_COMMANDS	7ed85d5cbeca8f903b3468bc6ccc1c56e29c2446	true	0.5	0	0	1	0.0	false	OPERATIONAL_BUT_UNVERIFIED	false	false	true	false		
42	10002	A10	20260825T184407Z-wp9-r069-p0042-s10002-a10-9b56fdccdb0e4f92bb48c10d57aa0221	E3	T0	P2	P2	RESTRICT_HIGH_RISK_COMMANDS	7ed85d5cbeca8f903b3468bc6ccc1c56e29c2446	true	0.5	0	0	1	0.0	false	RECOVERY_FAILED	false	true	false	false	false	fixed_policy
45	10002	A09	20260825T185739Z-wp9-r069-p0045-s10002-a09-1355bd8c99fc48cc9444e03c87e028a7	E1	T1	P7	P4	ENTER_SAFE_MODE	7ed85d5cbeca8f903b3468bc6ccc1c56e29c2446	true	0.0	0	1	1	1.0	false	CONTAINED_NOT_RECOVERED	false	false	false	true		
51	10003	A13	20260825T192510Z-wp9-r069-p0051-s10003-a13-54229631d08749959d62ee0c3cbb373b	E3	T1	P7	P2	RESTRICT_HIGH_RISK_COMMANDS	7ed85d5cbeca8f903b3468bc6ccc1c56e29c2446	true	0.5	0	0	1	0.0	false	RECOVERY_FAILED	false	true	false	false	true	evidence_insufficient
56	10003	A11	20260825T195455Z-wp9-r069-p0056-s10003-a11-a69094d910fc4ab4b1ac94aab39505cc	E3	T0	P7	P5	REQUEST_VERIFIED_ROLLBACK	7ed85d5cbeca8f903b3468bc6ccc1c56e29c2446	true	1.0	0	0	1	0.0	false	TRUSTED_RECOVERY_CONFIRMED	true	false	false	false	false	event_state_contact
61	10003	A09	20260825T201624Z-wp9-r069-p0061-s10003-a09-6c4b503ffb524ce39d2b523526b77c43	E1	T1	P7	P4	ENTER_SAFE_MODE	7ed85d5cbeca8f903b3468bc6ccc1c56e29c2446	true	0.0	0	1	1	1.0	false	CONTAINED_NOT_RECOVERED	false	false	false	true		
62	10003	A07	20260825T202109Z-wp9-r069-p0062-s10003-a07-4ec12d2472624e83b40139569b6c7bd8	E1	T0	P2	P2	RESTRICT_HIGH_RISK_COMMANDS	7ed85d5cbeca8f903b3468bc6ccc1c56e29c2446	true	0.5	0	0	1	0.0	false	OPERATIONAL_BUT_UNVERIFIED	false	false	true	false		
63	10003	A08	20260825T202619Z-wp9-r069-p0063-s10003-a08-48fdad95fe6a46dc9ff074eb598bae24	E1	T1	P2	P2	RESTRICT_HIGH_RISK_COMMANDS	7ed85d5cbeca8f903b3468bc6ccc1c56e29c2446	true	0.5	0	0	1	0.0	false	OPERATIONAL_BUT_UNVERIFIED	false	false	true	false		
66	10003	A10	20260825T204422Z-wp9-r069-p0066-s10003-a10-676740d655ed42f6b7429910ee370352	E3	T0	P2	P2	RESTRICT_HIGH_RISK_COMMANDS	7ed85d5cbeca8f903b3468bc6ccc1c56e29c2446	true	0.5	0	0	1	0.0	false	RECOVERY_FAILED	false	true	false	false	false	fixed_policy
70	10003	A04	20260825T210537Z-wp9-r069-p0070-s10003-a04-893931d060df447d9158ccb9d27c868d	E1	T0	P7	P2	RESTRICT_HIGH_RISK_COMMANDS	7ed85d5cbeca8f903b3468bc6ccc1c56e29c2446	true	0.5	0	0	1	0.0	false	OPERATIONAL_BUT_UNVERIFIED	false	false	true	false		
72	10003	A12	20260825T211625Z-wp9-r069-p0072-s10003-a12-3a00cc2f160e4a95a34e3c1a79f33fa3	E3	T1	P2	P2	RESTRICT_HIGH_RISK_COMMANDS	7ed85d5cbeca8f903b3468bc6ccc1c56e29c2446	true	0.5	0	0	1	0.0	false	RECOVERY_FAILED	false	true	false	false	false	fixed_policy
73	10004	A11	20260825T212051Z-wp9-r069-p0073-s10004-a11-7172a12f2e364f6d9f9ac65b73fe356d	E3	T0	P7	P5	REQUEST_VERIFIED_ROLLBACK	7ed85d5cbeca8f903b3468bc6ccc1c56e29c2446	true	1.0	0	0	1	0.0	false	TRUSTED_RECOVERY_CONFIRMED	true	false	false	false	false	event_state_contact
75	10004	A10	20260825T213117Z-wp9-r069-p0075-s10004-a10-f886b5d9116d4238bfed3aa394ec8434	E3	T0	P2	P2	RESTRICT_HIGH_RISK_COMMANDS	7ed85d5cbeca8f903b3468bc6ccc1c56e29c2446	true	0.5	0	0	1	0.0	false	RECOVERY_FAILED	false	true	false	false	false	fixed_policy
80	10004	A12	20260825T221953Z-wp9-r069-p0080-s10004-a12-dd061ebe290e4d82b60d71dc397f221b	E3	T1	P2	P2	RESTRICT_HIGH_RISK_COMMANDS	7ed85d5cbeca8f903b3468bc6ccc1c56e29c2446	true	0.5	0	0	1	0.0	false	RECOVERY_FAILED	false	true	false	false	false	fixed_policy
82	10004	A13	20260825T222816Z-wp9-r069-p0082-s10004-a13-656a936bd00d480a8f8e250e4b25f0a1	E3	T1	P7	P2	RESTRICT_HIGH_RISK_COMMANDS	7ed85d5cbeca8f903b3468bc6ccc1c56e29c2446	true	0.5	0	0	1	0.0	false	RECOVERY_FAILED	false	true	false	false	true	evidence_insufficient
84	10004	A08	20260825T223640Z-wp9-r069-p0084-s10004-a08-379c00b31a82496c9b0afe56ce3fc24d	E1	T1	P2	P2	RESTRICT_HIGH_RISK_COMMANDS	7ed85d5cbeca8f903b3468bc6ccc1c56e29c2446	true	0.5	0	0	1	0.0	false	OPERATIONAL_BUT_UNVERIFIED	false	false	true	false		
86	10004	A07	20260825T224606Z-wp9-r069-p0086-s10004-a07-5cccfaa366184009babcb6f83f36a768	E1	T0	P2	P2	RESTRICT_HIGH_RISK_COMMANDS	7ed85d5cbeca8f903b3468bc6ccc1c56e29c2446	true	0.5	0	0	1	0.0	false	OPERATIONAL_BUT_UNVERIFIED	false	false	true	false		
90	10004	A09	20260825T230424Z-wp9-r069-p0090-s10004-a09-9d992de4ac5741fc90f0335b7e8b41f1	E1	T1	P7	P4	ENTER_SAFE_MODE	7ed85d5cbeca8f903b3468bc6ccc1c56e29c2446	true	0.0	0	1	1	1.0	false	CONTAINED_NOT_RECOVERED	false	false	false	true		
93	10004	A04	20260825T231920Z-wp9-r069-p0093-s10004-a04-9f0ace45053940ed8837246c00dc12e1	E1	T0	P7	P2	RESTRICT_HIGH_RISK_COMMANDS	7ed85d5cbeca8f903b3468bc6ccc1c56e29c2446	true	0.5	0	0	1	0.0	false	OPERATIONAL_BUT_UNVERIFIED	false	false	true	false		
101	10005	A09	20260826T000247Z-wp9-r069-p0101-s10005-a09-0950c5ceb7404a48907b4c602116b863	E1	T1	P7	P4	ENTER_SAFE_MODE	7ed85d5cbeca8f903b3468bc6ccc1c56e29c2446	true	0.0	0	1	1	1.0	false	CONTAINED_NOT_RECOVERED	false	false	false	true		
102	10005	A13	20260826T001017Z-wp9-r069-p0102-s10005-a13-a444c9521bd74135bacb8567aa245c6f	E3	T1	P7	P2	RESTRICT_HIGH_RISK_COMMANDS	7ed85d5cbeca8f903b3468bc6ccc1c56e29c2446	true	0.5	0	0	1	0.0	false	RECOVERY_FAILED	false	true	false	false	true	evidence_insufficient
109	10005	A10	20260826T005400Z-wp9-r069-p0109-s10005-a10-7a6b7acbc82049fdb36d4b841944aa2d	E3	T0	P2	P2	RESTRICT_HIGH_RISK_COMMANDS	7ed85d5cbeca8f903b3468bc6ccc1c56e29c2446	true	0.5	0	0	1	0.0	false	RECOVERY_FAILED	false	true	false	false	false	fixed_policy
110	10005	A11	20260826T005843Z-wp9-r069-p0110-s10005-a11-73064da0542c444eae0ae4e0c0a7703c	E3	T0	P7	P5	REQUEST_VERIFIED_ROLLBACK	7ed85d5cbeca8f903b3468bc6ccc1c56e29c2446	true	1.0	0	0	1	0.0	false	TRUSTED_RECOVERY_CONFIRMED	true	false	false	false	false	event_state_contact
111	10005	A08	20260826T010305Z-wp9-r069-p0111-s10005-a08-2cbbd1d7a0b541a194549648b94636c4	E1	T1	P2	P2	RESTRICT_HIGH_RISK_COMMANDS	7ed85d5cbeca8f903b3468bc6ccc1c56e29c2446	true	0.5	0	0	1	0.0	false	OPERATIONAL_BUT_UNVERIFIED	false	false	true	false		
113	10005	A04	20260826T011300Z-wp9-r069-p0113-s10005-a04-15e6a6f902d44877af59789d96e94afd	E1	T0	P7	P2	RESTRICT_HIGH_RISK_COMMANDS	7ed85d5cbeca8f903b3468bc6ccc1c56e29c2446	true	0.5	0	0	1	0.0	false	OPERATIONAL_BUT_UNVERIFIED	false	false	true	false		
116	10005	A12	20260826T012936Z-wp9-r069-p0116-s10005-a12-85f4dbd62adb49b8bbfad33d3f161154	E3	T1	P2	P2	RESTRICT_HIGH_RISK_COMMANDS	7ed85d5cbeca8f903b3468bc6ccc1c56e29c2446	true	0.5	0	0	1	0.0	false	RECOVERY_FAILED	false	true	false	false	false	fixed_policy
120	10005	A07	20260826T015843Z-wp9-r069-p0120-retry-s10005-a07-6e065f95d7b94aa587eeb6ae56bfd9ea	E1	T0	P2	P2	RESTRICT_HIGH_RISK_COMMANDS	7ed85d5cbeca8f903b3468bc6ccc1c56e29c2446	true	0.5	0	0	1	0.0	false	OPERATIONAL_BUT_UNVERIFIED	false	false	true	false		
121	10006	A11	20260826T020625Z-wp9-r069-p0121-s10006-a11-d5b1146dbf964f9c9f72220f8f4766b4	E3	T0	P7	P5	REQUEST_VERIFIED_ROLLBACK	7ed85d5cbeca8f903b3468bc6ccc1c56e29c2446	true	1.0	0	0	1	0.0	false	TRUSTED_RECOVERY_CONFIRMED	true	false	false	false	false	event_state_contact
123	10006	A08	20260826T021637Z-wp9-r069-p0123-s10006-a08-3fbd2a549c1044fca32c07dd131de977	E1	T1	P2	P2	RESTRICT_HIGH_RISK_COMMANDS	7ed85d5cbeca8f903b3468bc6ccc1c56e29c2446	true	0.5	0	0	1	0.0	false	OPERATIONAL_BUT_UNVERIFIED	false	false	true	false		
129	10006	A09	20260826T024736Z-wp9-r069-p0129-s10006-a09-66efa219186e4c7898e2e3974247c550	E1	T1	P7	P4	ENTER_SAFE_MODE	7ed85d5cbeca8f903b3468bc6ccc1c56e29c2446	true	0.0	0	1	1	1.0	false	CONTAINED_NOT_RECOVERED	false	false	false	true		
131	10006	A10	20260826T025928Z-wp9-r069-p0131-s10006-a10-a2136300673344f3b7667d79a1ede64f	E3	T0	P2	P2	RESTRICT_HIGH_RISK_COMMANDS	7ed85d5cbeca8f903b3468bc6ccc1c56e29c2446	true	0.5	0	0	1	0.0	false	RECOVERY_FAILED	false	true	false	false	false	fixed_policy
133	10006	A04	20260826T030945Z-wp9-r069-p0133-s10006-a04-a5c4345f6db341b59002cfa49a491417	E1	T0	P7	P2	RESTRICT_HIGH_RISK_COMMANDS	7ed85d5cbeca8f903b3468bc6ccc1c56e29c2446	true	0.5	0	0	1	0.0	false	OPERATIONAL_BUT_UNVERIFIED	false	false	true	false		
136	10006	A07	20260826T035150Z-wp9-r069-p0136-s10006-a07-7a8e27da9a924dcb91953fdf6c6f13f5	E1	T0	P2	P2	RESTRICT_HIGH_RISK_COMMANDS	7ed85d5cbeca8f903b3468bc6ccc1c56e29c2446	true	0.5	0	0	1	0.0	false	OPERATIONAL_BUT_UNVERIFIED	false	false	true	false		
137	10006	A13	20260826T035731Z-wp9-r069-p0137-s10006-a13-88580bf63c11459dada6e02fe30e2d94	E3	T1	P7	P2	RESTRICT_HIGH_RISK_COMMANDS	7ed85d5cbeca8f903b3468bc6ccc1c56e29c2446	true	0.5	0	0	1	0.0	false	RECOVERY_FAILED	false	true	false	false	true	evidence_insufficient
138	10006	A12	20260826T040212Z-wp9-r069-p0138-s10006-a12-c11323d3049c41ec867ff96e523fabd3	E3	T1	P2	P2	RESTRICT_HIGH_RISK_COMMANDS	7ed85d5cbeca8f903b3468bc6ccc1c56e29c2446	true	0.5	0	0	1	0.0	false	RECOVERY_FAILED	false	true	false	false	false	fixed_policy
146	10007	A04	20260826T044846Z-wp9-r069-p0146-s10007-a04-f76e9b68bce1403199d6aa0a74bcef8c	E1	T0	P7	P2	RESTRICT_HIGH_RISK_COMMANDS	7ed85d5cbeca8f903b3468bc6ccc1c56e29c2446	true	0.5	0	0	1	0.0	false	OPERATIONAL_BUT_UNVERIFIED	false	false	true	false		
148	10007	A09	20260826T045943Z-wp9-r069-p0148-s10007-a09-5654e6548d9b48f4bd53ea393a6a6ec0	E1	T1	P7	P4	ENTER_SAFE_MODE	7ed85d5cbeca8f903b3468bc6ccc1c56e29c2446	true	0.0	0	1	1	1.0	false	CONTAINED_NOT_RECOVERED	false	false	false	true		
150	10007	A11	20260826T051041Z-wp9-r069-p0150-s10007-a11-66a156a5102d48c8924fe104abce59b5	E3	T0	P7	P5	REQUEST_VERIFIED_ROLLBACK	7ed85d5cbeca8f903b3468bc6ccc1c56e29c2446	true	1.0	0	0	1	0.0	false	TRUSTED_RECOVERY_CONFIRMED	true	false	false	false	false	event_state_contact
151	10007	A12	20260826T051537Z-wp9-r069-p0151-s10007-a12-2fac8902e7924e7aa13ac2cd3d3f3386	E3	T1	P2	P2	RESTRICT_HIGH_RISK_COMMANDS	7ed85d5cbeca8f903b3468bc6ccc1c56e29c2446	true	0.5	0	0	1	0.0	false	RECOVERY_FAILED	false	true	false	false	false	fixed_policy
154	10007	A13	20260826T053212Z-wp9-r069-p0154-s10007-a13-6558c888c26145cba12a7c04bdcce066	E3	T1	P7	P2	RESTRICT_HIGH_RISK_COMMANDS	7ed85d5cbeca8f903b3468bc6ccc1c56e29c2446	true	0.5	0	0	1	0.0	false	RECOVERY_FAILED	false	true	false	false	true	evidence_insufficient
156	10007	A10	20260826T054256Z-wp9-r069-p0156-s10007-a10-006d22d992c84fce8453fd661aa3ce64	E3	T0	P2	P2	RESTRICT_HIGH_RISK_COMMANDS	7ed85d5cbeca8f903b3468bc6ccc1c56e29c2446	true	0.5	0	0	1	0.0	false	RECOVERY_FAILED	false	true	false	false	false	fixed_policy
166	10007	A08	20260826T063822Z-wp9-r069-p0166-s10007-a08-c4d27307e21f4138bf1d2c7a381619c5	E1	T1	P2	P2	RESTRICT_HIGH_RISK_COMMANDS	7ed85d5cbeca8f903b3468bc6ccc1c56e29c2446	true	0.5	0	0	1	0.0	false	OPERATIONAL_BUT_UNVERIFIED	false	false	true	false		
168	10007	A07	20260826T064834Z-wp9-r069-p0168-s10007-a07-a79df69d63464854a5089f664ff17b1b	E1	T0	P2	P2	RESTRICT_HIGH_RISK_COMMANDS	7ed85d5cbeca8f903b3468bc6ccc1c56e29c2446	true	0.5	0	0	1	0.0	false	OPERATIONAL_BUT_UNVERIFIED	false	false	true	false		
171	10008	A09	20260826T070320Z-wp9-r069-p0171-s10008-a09-d408b3ddac0d48879e7f6f956dade393	E1	T1	P7	P4	ENTER_SAFE_MODE	7ed85d5cbeca8f903b3468bc6ccc1c56e29c2446	true	0.0	0	1	1	1.0	false	CONTAINED_NOT_RECOVERED	false	false	false	true		
173	10008	A11	20260826T071446Z-wp9-r069-p0173-s10008-a11-6f441ba1175f4cc0b22eca94b383cf5e	E3	T0	P7	P5	REQUEST_VERIFIED_ROLLBACK	7ed85d5cbeca8f903b3468bc6ccc1c56e29c2446	true	1.0	0	0	1	0.0	false	TRUSTED_RECOVERY_CONFIRMED	true	false	false	false	false	event_state_contact
174	10008	A12	20260826T071925Z-wp9-r069-p0174-s10008-a12-635f73c8a3c14f68aec6e3f16fc17b8e	E3	T1	P2	P2	RESTRICT_HIGH_RISK_COMMANDS	7ed85d5cbeca8f903b3468bc6ccc1c56e29c2446	true	0.5	0	0	1	0.0	false	RECOVERY_FAILED	false	true	false	false	false	fixed_policy
175	10008	A10	20260826T072401Z-wp9-r069-p0175-s10008-a10-19f60b868c6445d797ce2ad6b74094f2	E3	T0	P2	P2	RESTRICT_HIGH_RISK_COMMANDS	7ed85d5cbeca8f903b3468bc6ccc1c56e29c2446	true	0.5	0	0	1	0.0	false	RECOVERY_FAILED	false	true	false	false	false	fixed_policy
177	10008	A13	20260826T073311Z-wp9-r069-p0177-s10008-a13-59ce91c27a91416e8acd2cae7e8f0ec2	E3	T1	P7	P2	RESTRICT_HIGH_RISK_COMMANDS	7ed85d5cbeca8f903b3468bc6ccc1c56e29c2446	true	0.5	0	0	1	0.0	false	RECOVERY_FAILED	false	true	false	false	true	evidence_insufficient
179	10008	A04	20260826T074323Z-wp9-r069-p0179-s10008-a04-763a47fda33640a480e9035a92e0a856	E1	T0	P7	P2	RESTRICT_HIGH_RISK_COMMANDS	7ed85d5cbeca8f903b3468bc6ccc1c56e29c2446	true	0.5	0	0	1	0.0	false	OPERATIONAL_BUT_UNVERIFIED	false	false	true	false		
185	10008	A08	20260826T132352Z-wp9-r069-p0185-s10008-a08-734a6bed98c541058c34015b1a7591e9	E1	T1	P2	P2	RESTRICT_HIGH_RISK_COMMANDS	7ed85d5cbeca8f903b3468bc6ccc1c56e29c2446	true	0.5	0	0	1	0.0	false	OPERATIONAL_BUT_UNVERIFIED	false	false	true	false		
190	10008	A07	20260826T135025Z-wp9-r069-p0190-s10008-a07-4c175978480c46bfbf9764539a58b08c	E1	T0	P2	P2	RESTRICT_HIGH_RISK_COMMANDS	7ed85d5cbeca8f903b3468bc6ccc1c56e29c2446	true	0.5	0	0	1	0.0	false	OPERATIONAL_BUT_UNVERIFIED	false	false	true	false		
194	10009	A04	20260826T140747Z-wp9-r069-p0194-s10009-a04-fcd7b1a47ef5455daee0b1bbd6bb4714	E1	T0	P7	P2	RESTRICT_HIGH_RISK_COMMANDS	7ed85d5cbeca8f903b3468bc6ccc1c56e29c2446	true	0.5	0	0	1	0.0	false	OPERATIONAL_BUT_UNVERIFIED	false	false	true	false		
197	10009	A09	20260826T142125Z-wp9-r069-p0197-s10009-a09-3e0af1ca72e9434b974cbcb46943f8b0	E1	T1	P7	P4	ENTER_SAFE_MODE	7ed85d5cbeca8f903b3468bc6ccc1c56e29c2446	true	0.0	0	1	1	1.0	false	CONTAINED_NOT_RECOVERED	false	false	false	true		
201	10009	A10	20260826T144018Z-wp9-r069-p0201-s10009-a10-eb183bd1e29145b1b4be59e5ef541248	E3	T0	P2	P2	RESTRICT_HIGH_RISK_COMMANDS	7ed85d5cbeca8f903b3468bc6ccc1c56e29c2446	true	0.5	0	0	1	0.0	false	RECOVERY_FAILED	false	true	false	false	false	fixed_policy
205	10009	A11	20260826T145611Z-wp9-r069-p0205-s10009-a11-452ed5cf6fa247dc9391c9a58033eb0f	E3	T0	P7	P5	REQUEST_VERIFIED_ROLLBACK	7ed85d5cbeca8f903b3468bc6ccc1c56e29c2446	true	1.0	0	0	1	0.0	false	TRUSTED_RECOVERY_CONFIRMED	true	false	false	false	false	event_state_contact
207	10009	A07	20260826T150433Z-wp9-r069-p0207-s10009-a07-69f49603ad3e49e3a2a78ff4e9f60f8f	E1	T0	P2	P2	RESTRICT_HIGH_RISK_COMMANDS	7ed85d5cbeca8f903b3468bc6ccc1c56e29c2446	true	0.5	0	0	1	0.0	false	OPERATIONAL_BUT_UNVERIFIED	false	false	true	false		
209	10009	A13	20260826T151320Z-wp9-r069-p0209-s10009-a13-4adb3c4c60024f70aec503926b3ca02a	E3	T1	P7	P2	RESTRICT_HIGH_RISK_COMMANDS	7ed85d5cbeca8f903b3468bc6ccc1c56e29c2446	true	0.5	0	0	1	0.0	false	RECOVERY_FAILED	false	true	false	false	true	evidence_insufficient
213	10009	A08	20260826T153110Z-wp9-r069-p0213-s10009-a08-8749a43b426448ac8dc58147edbdc93e	E1	T1	P2	P2	RESTRICT_HIGH_RISK_COMMANDS	7ed85d5cbeca8f903b3468bc6ccc1c56e29c2446	true	0.5	0	0	1	0.0	false	OPERATIONAL_BUT_UNVERIFIED	false	false	true	false		
214	10009	A12	20260826T153546Z-wp9-r069-p0214-s10009-a12-72af5889bc504442aab857964150c872	E3	T1	P2	P2	RESTRICT_HIGH_RISK_COMMANDS	7ed85d5cbeca8f903b3468bc6ccc1c56e29c2446	true	0.5	0	0	1	0.0	false	RECOVERY_FAILED	false	true	false	false	false	fixed_policy
218	10010	A09	20260826T155341Z-wp9-r069-p0218-s10010-a09-7aa52fc4cbe040f59ac0797575b389f1	E1	T1	P7	P4	ENTER_SAFE_MODE	7ed85d5cbeca8f903b3468bc6ccc1c56e29c2446	true	0.0	0	1	1	1.0	false	CONTAINED_NOT_RECOVERED	false	false	false	true		
221	10010	A13	20260826T160823Z-wp9-r069-p0221-s10010-a13-cc2a3fa051d14b2990e6df16cb7bac86	E3	T1	P7	P2	RESTRICT_HIGH_RISK_COMMANDS	7ed85d5cbeca8f903b3468bc6ccc1c56e29c2446	true	0.5	0	0	1	0.0	false	RECOVERY_FAILED	false	true	false	false	true	evidence_insufficient
224	10010	A12	20260826T162219Z-wp9-r069-p0224-s10010-a12-fbc7cf4a45914fdc9b619112388a1a3b	E3	T1	P2	P2	RESTRICT_HIGH_RISK_COMMANDS	7ed85d5cbeca8f903b3468bc6ccc1c56e29c2446	true	0.5	0	0	1	0.0	false	RECOVERY_FAILED	false	true	false	false	false	fixed_policy
225	10010	A08	20260826T162610Z-wp9-r069-p0225-s10010-a08-1a59676360bb4bdfacf1627e413c910e	E1	T1	P2	P2	RESTRICT_HIGH_RISK_COMMANDS	7ed85d5cbeca8f903b3468bc6ccc1c56e29c2446	true	0.5	0	0	1	0.0	false	OPERATIONAL_BUT_UNVERIFIED	false	false	true	false		
227	10010	A11	20260826T163531Z-wp9-r069-p0227-s10010-a11-3a3a58e325be43179483121f6aa8ca1b	E3	T0	P7	P5	REQUEST_VERIFIED_ROLLBACK	7ed85d5cbeca8f903b3468bc6ccc1c56e29c2446	true	1.0	0	0	1	0.0	false	TRUSTED_RECOVERY_CONFIRMED	true	false	false	false	false	event_state_contact
229	10010	A04	20260826T164303Z-wp9-r069-p0229-s10010-a04-ae4f97928b07497fa1f0cb835970b07c	E1	T0	P7	P2	RESTRICT_HIGH_RISK_COMMANDS	7ed85d5cbeca8f903b3468bc6ccc1c56e29c2446	true	0.5	0	0	1	0.0	false	OPERATIONAL_BUT_UNVERIFIED	false	false	true	false		
230	10010	A07	20260826T164759Z-wp9-r069-p0230-s10010-a07-447f2065556a400ea3a78e359289f3eb	E1	T0	P2	P2	RESTRICT_HIGH_RISK_COMMANDS	7ed85d5cbeca8f903b3468bc6ccc1c56e29c2446	true	0.5	0	0	1	0.0	false	OPERATIONAL_BUT_UNVERIFIED	false	false	true	false		
239	10010	A10	20260826T174005Z-wp9-r069-p0239-s10010-a10-d1333ef63a0f4d35a678408d855fc2f9	E3	T0	P2	P2	RESTRICT_HIGH_RISK_COMMANDS	7ed85d5cbeca8f903b3468bc6ccc1c56e29c2446	true	0.5	0	0	1	0.0	false	RECOVERY_FAILED	false	true	false	false	false	fixed_policy
242	10011	A04	20260826T175417Z-wp9-r069-p0242-s10011-a04-e51d3660a21f483b84495b5315b31549	E1	T0	P7	P2	RESTRICT_HIGH_RISK_COMMANDS	7ed85d5cbeca8f903b3468bc6ccc1c56e29c2446	true	0.5	0	0	1	0.0	false	OPERATIONAL_BUT_UNVERIFIED	false	false	true	false		
244	10011	A11	20260826T180318Z-wp9-r069-p0244-s10011-a11-944ab01c021f43b0bca738b716b91bc1	E3	T0	P7	P5	REQUEST_VERIFIED_ROLLBACK	7ed85d5cbeca8f903b3468bc6ccc1c56e29c2446	true	1.0	0	0	1	0.0	false	TRUSTED_RECOVERY_CONFIRMED	true	false	false	false	false	event_state_contact
249	10011	A12	20260826T182509Z-wp9-r069-p0249-s10011-a12-6d71c72de8144406be47fa74136f5e0e	E3	T1	P2	P2	RESTRICT_HIGH_RISK_COMMANDS	7ed85d5cbeca8f903b3468bc6ccc1c56e29c2446	true	0.5	0	0	1	0.0	false	RECOVERY_FAILED	false	true	false	false	false	fixed_policy
252	10011	A09	20260826T183855Z-wp9-r069-p0252-s10011-a09-120f789623bf4e03b44adf1ac6b4b653	E1	T1	P7	P4	ENTER_SAFE_MODE	7ed85d5cbeca8f903b3468bc6ccc1c56e29c2446	true	0.0	0	1	1	1.0	false	CONTAINED_NOT_RECOVERED	false	false	false	true		
253	10011	A08	20260826T184344Z-wp9-r069-p0253-s10011-a08-fc003bc2b2e94d989539c742297b9388	E1	T1	P2	P2	RESTRICT_HIGH_RISK_COMMANDS	7ed85d5cbeca8f903b3468bc6ccc1c56e29c2446	true	0.5	0	0	1	0.0	false	OPERATIONAL_BUT_UNVERIFIED	false	false	true	false		
254	10011	A13	20260826T184850Z-wp9-r069-p0254-s10011-a13-1b6dbfd971f941199a32eac3ad515e72	E3	T1	P7	P2	RESTRICT_HIGH_RISK_COMMANDS	7ed85d5cbeca8f903b3468bc6ccc1c56e29c2446	true	0.5	0	0	1	0.0	false	RECOVERY_FAILED	false	true	false	false	true	evidence_insufficient
255	10011	A07	20260826T185305Z-wp9-r069-p0255-s10011-a07-d6e0754de46d447f941fc17b0f5bcea8	E1	T0	P2	P2	RESTRICT_HIGH_RISK_COMMANDS	7ed85d5cbeca8f903b3468bc6ccc1c56e29c2446	true	0.5	0	0	1	0.0	false	OPERATIONAL_BUT_UNVERIFIED	false	false	true	false		
256	10011	A10	20260826T185814Z-wp9-r069-p0256-s10011-a10-7664a4f8d10f42ff86cbb7ef0052ce3e	E3	T0	P2	P2	RESTRICT_HIGH_RISK_COMMANDS	7ed85d5cbeca8f903b3468bc6ccc1c56e29c2446	true	0.5	0	0	1	0.0	false	RECOVERY_FAILED	false	true	false	false	false	fixed_policy
266	10012	A04	20260826T194931Z-wp9-r069-p0266-s10012-a04-8c9a35170004437c8b28f32fc817425d	E1	T0	P7	P2	RESTRICT_HIGH_RISK_COMMANDS	7ed85d5cbeca8f903b3468bc6ccc1c56e29c2446	true	0.5	0	0	1	0.0	false	OPERATIONAL_BUT_UNVERIFIED	false	false	true	false		
267	10012	A13	20260826T195524Z-wp9-r069-p0267-s10012-a13-46802132b2744a809a69e8deabd28c89	E3	T1	P7	P2	RESTRICT_HIGH_RISK_COMMANDS	7ed85d5cbeca8f903b3468bc6ccc1c56e29c2446	true	0.5	0	0	1	0.0	false	RECOVERY_FAILED	false	true	false	false	true	evidence_insufficient
268	10012	A07	20260826T200010Z-wp9-r069-p0268-s10012-a07-4c6a1441b7da4861a57b25adee85b1d3	E1	T0	P2	P2	RESTRICT_HIGH_RISK_COMMANDS	7ed85d5cbeca8f903b3468bc6ccc1c56e29c2446	true	0.5	0	0	1	0.0	false	OPERATIONAL_BUT_UNVERIFIED	false	false	true	false		
274	10012	A12	20260826T203434Z-wp9-r069-p0274-s10012-a12-9b8692961422499fbc51f11d62d95b30	E3	T1	P2	P2	RESTRICT_HIGH_RISK_COMMANDS	7ed85d5cbeca8f903b3468bc6ccc1c56e29c2446	true	0.5	0	0	1	0.0	false	RECOVERY_FAILED	false	true	false	false	false	fixed_policy
277	10012	A11	20260826T205025Z-wp9-r069-p0277-s10012-a11-09130a7c2e134b7f8c97227246aded37	E3	T0	P7	P5	REQUEST_VERIFIED_ROLLBACK	7ed85d5cbeca8f903b3468bc6ccc1c56e29c2446	true	1.0	0	0	1	0.0	false	TRUSTED_RECOVERY_CONFIRMED	true	false	false	false	false	event_state_contact
280	10012	A09	20260826T210610Z-wp9-r069-p0280-s10012-a09-5a46373545bd46cf90f4c74f5fd81451	E1	T1	P7	P4	ENTER_SAFE_MODE	7ed85d5cbeca8f903b3468bc6ccc1c56e29c2446	true	0.0	0	1	1	1.0	false	CONTAINED_NOT_RECOVERED	false	false	false	true		
283	10012	A08	20260826T212354Z-wp9-r069-p0283-s10012-a08-2b36e55e0e834966b33a3e7b0ff2516b	E1	T1	P2	P2	RESTRICT_HIGH_RISK_COMMANDS	7ed85d5cbeca8f903b3468bc6ccc1c56e29c2446	true	0.5	0	0	1	0.0	false	OPERATIONAL_BUT_UNVERIFIED	false	false	true	false		
286	10012	A10	20260826T213956Z-wp9-r069-p0286-s10012-a10-05edcdbb44844fc79a2bce299727da2e	E3	T0	P2	P2	RESTRICT_HIGH_RISK_COMMANDS	7ed85d5cbeca8f903b3468bc6ccc1c56e29c2446	true	0.5	0	0	1	0.0	false	RECOVERY_FAILED	false	true	false	false	false	fixed_policy
294	10013	A08	20260826T225154Z-wp9-r069-p0294-s10013-a08-add8efd9ef584f49ae73104f4c693a47	E1	T1	P2	P2	RESTRICT_HIGH_RISK_COMMANDS	7ed85d5cbeca8f903b3468bc6ccc1c56e29c2446	true	0.5	0	0	1	0.0	false	OPERATIONAL_BUT_UNVERIFIED	false	false	true	false		
295	10013	A10	20260826T225800Z-wp9-r069-p0295-s10013-a10-20e9eecd748d4fb8ae447fe5c62b36f3	E3	T0	P2	P2	RESTRICT_HIGH_RISK_COMMANDS	7ed85d5cbeca8f903b3468bc6ccc1c56e29c2446	true	0.5	0	0	1	0.0	false	RECOVERY_FAILED	false	true	false	false	false	fixed_policy
296	10013	A13	20260826T230257Z-wp9-r069-p0296-s10013-a13-e80a17b5546e425e90bb3b0c70394801	E3	T1	P7	P2	RESTRICT_HIGH_RISK_COMMANDS	7ed85d5cbeca8f903b3468bc6ccc1c56e29c2446	true	0.5	0	0	1	0.0	false	RECOVERY_FAILED	false	true	false	false	true	evidence_insufficient
298	10013	A04	20260826T231330Z-wp9-r069-p0298-s10013-a04-8b50571defa64825bf25c9e5783948bd	E1	T0	P7	P2	RESTRICT_HIGH_RISK_COMMANDS	7ed85d5cbeca8f903b3468bc6ccc1c56e29c2446	true	0.5	0	0	1	0.0	false	OPERATIONAL_BUT_UNVERIFIED	false	false	true	false		
300	10013	A07	20260826T232530Z-wp9-r069-p0300-s10013-a07-0315c2332bfa47d38cb7c46e2e885595	E1	T0	P2	P2	RESTRICT_HIGH_RISK_COMMANDS	7ed85d5cbeca8f903b3468bc6ccc1c56e29c2446	true	0.5	0	0	1	0.0	false	OPERATIONAL_BUT_UNVERIFIED	false	false	true	false		
302	10013	A09	20260826T233547Z-wp9-r069-p0302-s10013-a09-528118fc6711487299cb0871951df4c4	E1	T1	P7	P4	ENTER_SAFE_MODE	7ed85d5cbeca8f903b3468bc6ccc1c56e29c2446	true	0.0	0	1	1	1.0	false	CONTAINED_NOT_RECOVERED	false	false	false	true		
306	10013	A11	20260826T235825Z-wp9-r069-p0306-s10013-a11-5101be8073194ff98a9c8386453f40f3	E3	T0	P7	P5	REQUEST_VERIFIED_ROLLBACK	7ed85d5cbeca8f903b3468bc6ccc1c56e29c2446	true	1.0	0	0	1	0.0	false	TRUSTED_RECOVERY_CONFIRMED	true	false	false	false	false	event_state_contact
309	10013	A12	20260827T001316Z-wp9-r069-p0309-s10013-a12-1c07f4326de04bb38cc064187a1238cd	E3	T1	P2	P2	RESTRICT_HIGH_RISK_COMMANDS	7ed85d5cbeca8f903b3468bc6ccc1c56e29c2446	true	0.5	0	0	1	0.0	false	RECOVERY_FAILED	false	true	false	false	false	fixed_policy
316	10014	A11	20260827T004948Z-wp9-r069-p0316-s10014-a11-c6013d7b0f014ae99f1015b68861b3fa	E3	T0	P7	P5	REQUEST_VERIFIED_ROLLBACK	7ed85d5cbeca8f903b3468bc6ccc1c56e29c2446	true	1.0	0	0	1	0.0	false	TRUSTED_RECOVERY_CONFIRMED	true	false	false	false	false	event_state_contact
320	10014	A09	20260827T011024Z-wp9-r069-p0320-s10014-a09-3ac5143e4cc645d7a690db5b9815f040	E1	T1	P7	P4	ENTER_SAFE_MODE	7ed85d5cbeca8f903b3468bc6ccc1c56e29c2446	true	0.0	0	1	1	1.0	false	CONTAINED_NOT_RECOVERED	false	false	false	true		
321	10014	A08	20260827T011608Z-wp9-r069-p0321-s10014-a08-6fb053caa85f487d90e5ae3ad5703c71	E1	T1	P2	P2	RESTRICT_HIGH_RISK_COMMANDS	7ed85d5cbeca8f903b3468bc6ccc1c56e29c2446	true	0.5	0	0	1	0.0	false	OPERATIONAL_BUT_UNVERIFIED	false	false	true	false		
324	10014	A13	20260827T013235Z-wp9-r069-p0324-s10014-a13-75fccbf7ad934f7ca85635197b6c2108	E3	T1	P7	P2	RESTRICT_HIGH_RISK_COMMANDS	7ed85d5cbeca8f903b3468bc6ccc1c56e29c2446	true	0.5	0	0	1	0.0	false	RECOVERY_FAILED	false	true	false	false	true	evidence_insufficient
331	10014	A12	20260827T021220Z-wp9-r069-p0331-s10014-a12-22a3f2987c064bd7876f3d3f6edeeb8a	E3	T1	P2	P2	RESTRICT_HIGH_RISK_COMMANDS	7ed85d5cbeca8f903b3468bc6ccc1c56e29c2446	true	0.5	0	0	1	0.0	false	RECOVERY_FAILED	false	true	false	false	false	fixed_policy
332	10014	A07	20260827T021717Z-wp9-r069-p0332-s10014-a07-8ac6a4ce4f334cb8b8ad2a80415b3278	E1	T0	P2	P2	RESTRICT_HIGH_RISK_COMMANDS	7ed85d5cbeca8f903b3468bc6ccc1c56e29c2446	true	0.5	0	0	1	0.0	false	OPERATIONAL_BUT_UNVERIFIED	false	false	true	false		
335	10014	A04	20260827T023221Z-wp9-r069-p0335-s10014-a04-44ceb10295854714a663c21e1c0dd901	E1	T0	P7	P2	RESTRICT_HIGH_RISK_COMMANDS	7ed85d5cbeca8f903b3468bc6ccc1c56e29c2446	true	0.5	0	0	1	0.0	false	OPERATIONAL_BUT_UNVERIFIED	false	false	true	false		
336	10014	A10	20260827T023655Z-wp9-r069-p0336-s10014-a10-c73250394f5e41a4a51b5cbbbbdb57e2	E3	T0	P2	P2	RESTRICT_HIGH_RISK_COMMANDS	7ed85d5cbeca8f903b3468bc6ccc1c56e29c2446	true	0.5	0	0	1	0.0	false	RECOVERY_FAILED	false	true	false	false	false	fixed_policy
338	10015	A08	20260827T030339Z-wp9-r069-p0338-s10015-a08-34225db63d4e4a1d822e721c8456a256	E1	T1	P2	P2	RESTRICT_HIGH_RISK_COMMANDS	7ed85d5cbeca8f903b3468bc6ccc1c56e29c2446	true	0.5	0	0	1	0.0	false	OPERATIONAL_BUT_UNVERIFIED	false	false	true	false		
343	10015	A11	20260827T032608Z-wp9-r069-p0343-s10015-a11-ae63974fcf184d6ba465f7fd3ebcf34c	E3	T0	P7	P5	REQUEST_VERIFIED_ROLLBACK	7ed85d5cbeca8f903b3468bc6ccc1c56e29c2446	true	1.0	0	0	1	0.0	false	TRUSTED_RECOVERY_CONFIRMED	true	false	false	false	false	event_state_contact
344	10015	A13	20260827T032946Z-wp9-r069-p0344-s10015-a13-351984ef8a59418c80f6edc134785330	E3	T1	P7	P2	RESTRICT_HIGH_RISK_COMMANDS	7ed85d5cbeca8f903b3468bc6ccc1c56e29c2446	true	0.5	0	0	1	0.0	false	RECOVERY_FAILED	false	true	false	false	true	evidence_insufficient
349	10015	A09	20260827T035118Z-wp9-r069-p0349-s10015-a09-468da986f9054b2c96708f48557a0f53	E1	T1	P7	P4	ENTER_SAFE_MODE	7ed85d5cbeca8f903b3468bc6ccc1c56e29c2446	true	0.0	0	1	1	1.0	false	CONTAINED_NOT_RECOVERED	false	false	false	true		
352	10015	A12	20260827T040519Z-wp9-r069-p0352-s10015-a12-efcf5a119948477bb96db5620f81f32b	E3	T1	P2	P2	RESTRICT_HIGH_RISK_COMMANDS	7ed85d5cbeca8f903b3468bc6ccc1c56e29c2446	true	0.5	0	0	1	0.0	false	RECOVERY_FAILED	false	true	false	false	false	fixed_policy
355	10015	A07	20260827T132402Z-wp9-r069-p0355-s10015-a07-da4e92090dd64585ab74b596ae3226b5	E1	T0	P2	P2	RESTRICT_HIGH_RISK_COMMANDS	7ed85d5cbeca8f903b3468bc6ccc1c56e29c2446	true	0.5	0	0	1	0.0	false	OPERATIONAL_BUT_UNVERIFIED	false	false	true	false		
357	10015	A10	20260827T133347Z-wp9-r069-p0357-s10015-a10-6b2bb0fecd9d48d6b95b896ce6cb1c2c	E3	T0	P2	P2	RESTRICT_HIGH_RISK_COMMANDS	7ed85d5cbeca8f903b3468bc6ccc1c56e29c2446	true	0.5	0	0	1	0.0	false	RECOVERY_FAILED	false	true	false	false	false	fixed_policy
360	10015	A04	20260827T134624Z-wp9-r069-p0360-s10015-a04-36e96c00bff54d76b8dd5dc4ba19599f	E1	T0	P7	P2	RESTRICT_HIGH_RISK_COMMANDS	7ed85d5cbeca8f903b3468bc6ccc1c56e29c2446	true	0.5	0	0	1	0.0	false	OPERATIONAL_BUT_UNVERIFIED	false	false	true	false		
361	10016	A10	20260827T135123Z-wp9-r069-p0361-s10016-a10-a63627c350304ede93adfc44fce31e34	E3	T0	P2	P2	RESTRICT_HIGH_RISK_COMMANDS	7ed85d5cbeca8f903b3468bc6ccc1c56e29c2446	true	0.5	0	0	1	0.0	false	RECOVERY_FAILED	false	true	false	false	false	fixed_policy
364	10016	A09	20260827T140459Z-wp9-r069-p0364-s10016-a09-2b815657d8be432aa717cbc4ed36f9bb	E1	T1	P7	P4	ENTER_SAFE_MODE	7ed85d5cbeca8f903b3468bc6ccc1c56e29c2446	true	0.0	0	1	1	1.0	false	CONTAINED_NOT_RECOVERED	false	false	false	true		
367	10016	A04	20260827T141926Z-wp9-r069-p0367-s10016-a04-b88f3a1f2e4f4a8881d71736ceade364	E1	T0	P7	P2	RESTRICT_HIGH_RISK_COMMANDS	7ed85d5cbeca8f903b3468bc6ccc1c56e29c2446	true	0.5	0	0	1	0.0	false	OPERATIONAL_BUT_UNVERIFIED	false	false	true	false		
372	10016	A12	20260827T144239Z-wp9-r069-p0372-s10016-a12-fa68f9c1516f46cd93d2de283e28feb8	E3	T1	P2	P2	RESTRICT_HIGH_RISK_COMMANDS	7ed85d5cbeca8f903b3468bc6ccc1c56e29c2446	true	0.5	0	0	1	0.0	false	RECOVERY_FAILED	false	true	false	false	false	fixed_policy
375	10016	A13	20260827T145632Z-wp9-r069-p0375-s10016-a13-d5ea63cff7f84ff8b624f952b4379554	E3	T1	P7	P2	RESTRICT_HIGH_RISK_COMMANDS	7ed85d5cbeca8f903b3468bc6ccc1c56e29c2446	true	0.5	0	0	1	0.0	false	RECOVERY_FAILED	false	true	false	false	true	evidence_insufficient
376	10016	A07	20260827T150027Z-wp9-r069-p0376-s10016-a07-a4b071c1a8af4ab0a83b664b4764f57f	E1	T0	P2	P2	RESTRICT_HIGH_RISK_COMMANDS	7ed85d5cbeca8f903b3468bc6ccc1c56e29c2446	true	0.5	0	0	1	0.0	false	OPERATIONAL_BUT_UNVERIFIED	false	false	true	false		
377	10016	A08	20260827T150936Z-wp9-r069-p0377-s10016-a08-e0e17c5ab27b4652b52845cad59b2bcd	E1	T1	P2	P2	RESTRICT_HIGH_RISK_COMMANDS	7ed85d5cbeca8f903b3468bc6ccc1c56e29c2446	true	0.5	0	0	1	0.0	false	OPERATIONAL_BUT_UNVERIFIED	false	false	true	false		
384	10016	A11	20260827T153919Z-wp9-r069-p0384-s10016-a11-3edcb819f6b945fdb88dc098248d5409	E3	T0	P7	P5	REQUEST_VERIFIED_ROLLBACK	7ed85d5cbeca8f903b3468bc6ccc1c56e29c2446	true	1.0	0	0	1	0.0	false	TRUSTED_RECOVERY_CONFIRMED	true	false	false	false	false	event_state_contact
387	10017	A10	20260827T155154Z-wp9-r069-p0387-s10017-a10-b4980869f95c416d8cad5d79d64068ca	E3	T0	P2	P2	RESTRICT_HIGH_RISK_COMMANDS	7ed85d5cbeca8f903b3468bc6ccc1c56e29c2446	true	0.5	0	0	1	0.0	false	RECOVERY_FAILED	false	true	false	false	false	fixed_policy
393	10017	A13	20260827T161839Z-wp9-r069-p0393-s10017-a13-0354feb9a35f4370b6ad96efb7849544	E3	T1	P7	P2	RESTRICT_HIGH_RISK_COMMANDS	7ed85d5cbeca8f903b3468bc6ccc1c56e29c2446	true	0.5	0	0	1	0.0	false	RECOVERY_FAILED	false	true	false	false	true	evidence_insufficient
394	10017	A04	20260827T162215Z-wp9-r069-p0394-s10017-a04-d88eb60453b6425194053d48f95c13df	E1	T0	P7	P2	RESTRICT_HIGH_RISK_COMMANDS	7ed85d5cbeca8f903b3468bc6ccc1c56e29c2446	true	0.5	0	0	1	0.0	false	OPERATIONAL_BUT_UNVERIFIED	false	false	true	false		
395	10017	A11	20260827T162700Z-wp9-r069-p0395-s10017-a11-e92e6ac7907d4b56b41350549059e4ce	E3	T0	P7	P5	REQUEST_VERIFIED_ROLLBACK	7ed85d5cbeca8f903b3468bc6ccc1c56e29c2446	true	1.0	0	0	1	0.0	false	TRUSTED_RECOVERY_CONFIRMED	true	false	false	false	false	event_state_contact
396	10017	A09	20260827T163043Z-wp9-r069-p0396-s10017-a09-4c2f5dbe9e06465fb2cdeb12540efb2b	E1	T1	P7	P4	ENTER_SAFE_MODE	7ed85d5cbeca8f903b3468bc6ccc1c56e29c2446	true	0.0	0	1	1	1.0	false	CONTAINED_NOT_RECOVERED	false	false	false	true		
402	10017	A12	20260827T170919Z-wp9-r069-p0402-s10017-a12-93d56ec0b20b4bab97fade11f1d48359	E3	T1	P2	P2	RESTRICT_HIGH_RISK_COMMANDS	7ed85d5cbeca8f903b3468bc6ccc1c56e29c2446	true	0.5	0	0	1	0.0	false	RECOVERY_FAILED	false	true	false	false	false	fixed_policy
403	10017	A07	20260827T171305Z-wp9-r069-p0403-s10017-a07-f69b8b4f56eb458b89218c55cd50f097	E1	T0	P2	P2	RESTRICT_HIGH_RISK_COMMANDS	7ed85d5cbeca8f903b3468bc6ccc1c56e29c2446	true	0.5	0	0	1	0.0	false	OPERATIONAL_BUT_UNVERIFIED	false	false	true	false		
405	10017	A08	20260827T175631Z-wp9-r069-p0405-s10017-a08-d67e5325145d464aadc349443e4a54b1	E1	T1	P2	P2	RESTRICT_HIGH_RISK_COMMANDS	7ed85d5cbeca8f903b3468bc6ccc1c56e29c2446	true	0.5	0	0	1	0.0	false	OPERATIONAL_BUT_UNVERIFIED	false	false	true	false		
411	10018	A13	20260828T005632Z-wp9-r069-p0411-s10018-a13-70e53328fe984d1687dc309e02894dfc	E3	T1	P7	P2	RESTRICT_HIGH_RISK_COMMANDS	7ed85d5cbeca8f903b3468bc6ccc1c56e29c2446	true	0.5	0	0	1	0.0	false	RECOVERY_FAILED	false	true	false	false	true	evidence_insufficient
420	10018	A08	20260828T013623Z-wp9-r069-p0420-s10018-a08-90ffbbcada72433c809638fa4d88c4da	E1	T1	P2	P2	RESTRICT_HIGH_RISK_COMMANDS	7ed85d5cbeca8f903b3468bc6ccc1c56e29c2446	true	0.5	0	0	1	0.0	false	OPERATIONAL_BUT_UNVERIFIED	false	false	true	false		
423	10018	A10	20260828T015145Z-wp9-r069-p0423-s10018-a10-85990d3dc6a8498ea07df52a3d1f7c1f	E3	T0	P2	P2	RESTRICT_HIGH_RISK_COMMANDS	7ed85d5cbeca8f903b3468bc6ccc1c56e29c2446	true	0.5	0	0	1	0.0	false	RECOVERY_FAILED	false	true	false	false	false	fixed_policy
424	10018	A04	20260828T015544Z-wp9-r069-p0424-s10018-a04-9fecde2180ec4421bcef200ffa754add	E1	T0	P7	P2	RESTRICT_HIGH_RISK_COMMANDS	7ed85d5cbeca8f903b3468bc6ccc1c56e29c2446	true	0.5	0	0	1	0.0	false	OPERATIONAL_BUT_UNVERIFIED	false	false	true	false		
425	10018	A09	20260828T020050Z-wp9-r069-p0425-s10018-a09-931de2b6d426463ea1068e35d3cfa7da	E1	T1	P7	P4	ENTER_SAFE_MODE	7ed85d5cbeca8f903b3468bc6ccc1c56e29c2446	true	0.0	0	1	1	1.0	false	CONTAINED_NOT_RECOVERED	false	false	false	true		
429	10018	A12	20260828T022053Z-wp9-r069-p0429-s10018-a12-30ec6b47cb0e4ec293f0d6d7bc5aeb05	E3	T1	P2	P2	RESTRICT_HIGH_RISK_COMMANDS	7ed85d5cbeca8f903b3468bc6ccc1c56e29c2446	true	0.5	0	0	1	0.0	false	RECOVERY_FAILED	false	true	false	false	false	fixed_policy
430	10018	A07	20260828T022510Z-wp9-r069-p0430-s10018-a07-da9f0c1efefb4c079bfc2fbd5f8871c7	E1	T0	P2	P2	RESTRICT_HIGH_RISK_COMMANDS	7ed85d5cbeca8f903b3468bc6ccc1c56e29c2446	true	0.5	0	0	1	0.0	false	OPERATIONAL_BUT_UNVERIFIED	false	false	true	false		
431	10018	A11	20260828T023716Z-wp9-r069-p0431-s10018-a11-5984587ab34a4633b37c16099a3adda1	E3	T0	P7	P5	REQUEST_VERIFIED_ROLLBACK	7ed85d5cbeca8f903b3468bc6ccc1c56e29c2446	true	1.0	0	0	1	0.0	false	TRUSTED_RECOVERY_CONFIRMED	true	false	false	false	false	event_state_contact
438	10019	A13	20260828T030937Z-wp9-r069-p0438-s10019-a13-5edcfdda88444b17ad4a59c46126830e	E3	T1	P7	P2	RESTRICT_HIGH_RISK_COMMANDS	7ed85d5cbeca8f903b3468bc6ccc1c56e29c2446	true	0.5	0	0	1	0.0	false	RECOVERY_FAILED	false	true	false	false	true	evidence_insufficient
440	10019	A07	20260828T031812Z-wp9-r069-p0440-s10019-a07-af0be645bae04efa9a8c8eff12fa5bbe	E1	T0	P2	P2	RESTRICT_HIGH_RISK_COMMANDS	7ed85d5cbeca8f903b3468bc6ccc1c56e29c2446	true	0.5	0	0	1	0.0	false	OPERATIONAL_BUT_UNVERIFIED	false	false	true	false		
446	10019	A12	20260828T034736Z-wp9-r069-p0446-s10019-a12-ded6642cb33d45669bbaaf5707a030a1	E3	T1	P2	P2	RESTRICT_HIGH_RISK_COMMANDS	7ed85d5cbeca8f903b3468bc6ccc1c56e29c2446	true	0.5	0	0	1	0.0	false	RECOVERY_FAILED	false	true	false	false	false	fixed_policy
449	10019	A10	20260828T040020Z-wp9-r069-p0449-s10019-a10-c021d7bcfa094d5887bde7717956ef54	E3	T0	P2	P2	RESTRICT_HIGH_RISK_COMMANDS	7ed85d5cbeca8f903b3468bc6ccc1c56e29c2446	true	0.5	0	0	1	0.0	false	RECOVERY_FAILED	false	true	false	false	false	fixed_policy
451	10019	A09	20260828T040845Z-wp9-r069-p0451-s10019-a09-dcc3233ca566493cad766b9227ea444e	E1	T1	P7	P4	ENTER_SAFE_MODE	7ed85d5cbeca8f903b3468bc6ccc1c56e29c2446	true	0.0	0	1	1	1.0	false	CONTAINED_NOT_RECOVERED	false	false	false	true		
453	10019	A08	20260828T041813Z-wp9-r069-p0453-s10019-a08-09af9d06782e4262be3ba078612cd1c8	E1	T1	P2	P2	RESTRICT_HIGH_RISK_COMMANDS	7ed85d5cbeca8f903b3468bc6ccc1c56e29c2446	true	0.5	0	0	1	0.0	false	OPERATIONAL_BUT_UNVERIFIED	false	false	true	false		
454	10019	A11	20260828T042307Z-wp9-r069-p0454-s10019-a11-5443091085ef4feca716d60e7932a281	E3	T0	P7	P5	REQUEST_VERIFIED_ROLLBACK	7ed85d5cbeca8f903b3468bc6ccc1c56e29c2446	true	1.0	0	0	1	0.0	false	TRUSTED_RECOVERY_CONFIRMED	true	false	false	false	false	event_state_contact
456	10019	A04	20260828T052156Z-wp9-r069-p0456-s10019-a04-5ec62abbee0745118b184f5723d7a2ed	E1	T0	P7	P2	RESTRICT_HIGH_RISK_COMMANDS	7ed85d5cbeca8f903b3468bc6ccc1c56e29c2446	true	0.5	0	0	1	0.0	false	OPERATIONAL_BUT_UNVERIFIED	false	false	true	false		
457	10020	A08	20260828T052729Z-wp9-r069-p0457-s10020-a08-510259a779c740ed8b526b62419449a0	E1	T1	P2	P2	RESTRICT_HIGH_RISK_COMMANDS	7ed85d5cbeca8f903b3468bc6ccc1c56e29c2446	true	0.5	0	0	1	0.0	false	OPERATIONAL_BUT_UNVERIFIED	false	false	true	false		
461	10020	A04	20260828T054838Z-wp9-r069-p0461-s10020-a04-af84e77bac174ee083192f595a05d30b	E1	T0	P7	P2	RESTRICT_HIGH_RISK_COMMANDS	7ed85d5cbeca8f903b3468bc6ccc1c56e29c2446	true	0.5	0	0	1	0.0	false	OPERATIONAL_BUT_UNVERIFIED	false	false	true	false		
463	10020	A11	20260828T055818Z-wp9-r069-p0463-s10020-a11-d747236fc7164ccc9cee293519045299	E3	T0	P7	P5	REQUEST_VERIFIED_ROLLBACK	7ed85d5cbeca8f903b3468bc6ccc1c56e29c2446	true	1.0	0	0	1	0.0	false	TRUSTED_RECOVERY_CONFIRMED	true	false	false	false	false	event_state_contact
466	10020	A10	20260828T061052Z-wp9-r069-p0466-s10020-a10-bec90fe9187d4288aff3f2afc6d74f9d	E3	T0	P2	P2	RESTRICT_HIGH_RISK_COMMANDS	7ed85d5cbeca8f903b3468bc6ccc1c56e29c2446	true	0.5	0	0	1	0.0	false	RECOVERY_FAILED	false	true	false	false	false	fixed_policy
474	10020	A07	20260828T064516Z-wp9-r069-p0474-s10020-a07-312e3a452f3c44b5bfc1c8e8d4e1deec	E1	T0	P2	P2	RESTRICT_HIGH_RISK_COMMANDS	7ed85d5cbeca8f903b3468bc6ccc1c56e29c2446	true	0.5	0	0	1	0.0	false	OPERATIONAL_BUT_UNVERIFIED	false	false	true	false		
477	10020	A13	20260828T070206Z-wp9-r069-p0477-s10020-a13-6318f443ccad4107836e4bc6942c3006	E3	T1	P7	P2	RESTRICT_HIGH_RISK_COMMANDS	7ed85d5cbeca8f903b3468bc6ccc1c56e29c2446	true	0.5	0	0	1	0.0	false	RECOVERY_FAILED	false	true	false	false	true	evidence_insufficient
478	10020	A12	20260828T070633Z-wp9-r069-p0478-s10020-a12-ff75f7fab9cd4faf9c70452d35784164	E3	T1	P2	P2	RESTRICT_HIGH_RISK_COMMANDS	7ed85d5cbeca8f903b3468bc6ccc1c56e29c2446	true	0.5	0	0	1	0.0	false	RECOVERY_FAILED	false	true	false	false	false	fixed_policy
479	10020	A09	20260828T071018Z-wp9-r069-p0479-s10020-a09-cf86937e94e64767858da26332e013f1	E1	T1	P7	P4	ENTER_SAFE_MODE	7ed85d5cbeca8f903b3468bc6ccc1c56e29c2446	true	0.0	0	1	1	1.0	false	CONTAINED_NOT_RECOVERED	false	false	false	true		
482	10021	A09	20260828T072521Z-wp9-r069-p0482-s10021-a09-b15fe32284ba4d0382603e7c52bc8596	E1	T1	P7	P4	ENTER_SAFE_MODE	7ed85d5cbeca8f903b3468bc6ccc1c56e29c2446	true	0.0	0	1	1	1.0	false	CONTAINED_NOT_RECOVERED	false	false	false	true		
484	10021	A04	20260828T073625Z-wp9-r069-p0484-s10021-a04-fd41c30b20e24f34b249677117a046e0	E1	T0	P7	P2	RESTRICT_HIGH_RISK_COMMANDS	7ed85d5cbeca8f903b3468bc6ccc1c56e29c2446	true	0.5	0	0	1	0.0	false	OPERATIONAL_BUT_UNVERIFIED	false	false	true	false		
487	10021	A08	20260828T075138Z-wp9-r069-p0487-s10021-a08-67b1ce9a996f41d0b49e68392fc7f5f0	E1	T1	P2	P2	RESTRICT_HIGH_RISK_COMMANDS	7ed85d5cbeca8f903b3468bc6ccc1c56e29c2446	true	0.5	0	0	1	0.0	false	OPERATIONAL_BUT_UNVERIFIED	false	false	true	false		
488	10021	A13	20260828T075656Z-wp9-r069-p0488-s10021-a13-1b01c5cc8aed4a4a955ff156e62feb20	E3	T1	P7	P2	RESTRICT_HIGH_RISK_COMMANDS	7ed85d5cbeca8f903b3468bc6ccc1c56e29c2446	true	0.5	0	0	1	0.0	false	RECOVERY_FAILED	false	true	false	false	true	evidence_insufficient
491	10021	A11	20260828T081108Z-wp9-r069-p0491-s10021-a11-556964d566a14f7fbd977193fa3f0936	E3	T0	P7	P5	REQUEST_VERIFIED_ROLLBACK	7ed85d5cbeca8f903b3468bc6ccc1c56e29c2446	true	1.0	0	0	1	0.0	false	TRUSTED_RECOVERY_CONFIRMED	true	false	false	false	false	event_state_contact
499	10021	A10	20260828T085020Z-wp9-r069-p0499-s10021-a10-0def228da52942f0a7ad0d6920c1aff7	E3	T0	P2	P2	RESTRICT_HIGH_RISK_COMMANDS	7ed85d5cbeca8f903b3468bc6ccc1c56e29c2446	true	0.5	0	0	1	0.0	false	RECOVERY_FAILED	false	true	false	false	false	fixed_policy
501	10021	A07	20260828T085831Z-wp9-r069-p0501-s10021-a07-5a25c99c38384b26a74a0b3e9c601495	E1	T0	P2	P2	RESTRICT_HIGH_RISK_COMMANDS	7ed85d5cbeca8f903b3468bc6ccc1c56e29c2446	true	0.5	0	0	1	0.0	false	OPERATIONAL_BUT_UNVERIFIED	false	false	true	false		
504	10021	A12	20260828T091317Z-wp9-r069-p0504-s10021-a12-2919f1a0a40c4f25a589f8e12867d4a9	E3	T1	P2	P2	RESTRICT_HIGH_RISK_COMMANDS	7ed85d5cbeca8f903b3468bc6ccc1c56e29c2446	true	0.5	0	0	1	0.0	false	RECOVERY_FAILED	false	true	false	false	false	fixed_policy
507	10022	A12	20260828T092748Z-wp9-r069-p0507-s10022-a12-f3377e30db214b78867d80682c972148	E3	T1	P2	P2	RESTRICT_HIGH_RISK_COMMANDS	7ed85d5cbeca8f903b3468bc6ccc1c56e29c2446	true	0.5	0	0	1	0.0	false	RECOVERY_FAILED	false	true	false	false	false	fixed_policy
509	10022	A11	20260828T093621Z-wp9-r069-p0509-s10022-a11-8642fdbc51fc477dae91e4c6d35fbcee	E3	T0	P7	P5	REQUEST_VERIFIED_ROLLBACK	7ed85d5cbeca8f903b3468bc6ccc1c56e29c2446	true	1.0	0	0	1	0.0	false	TRUSTED_RECOVERY_CONFIRMED	true	false	false	false	false	event_state_contact
510	10022	A04	20260828T094054Z-wp9-r069-p0510-s10022-a04-bc15a9d0907a484eb4223ae91fa0f878	E1	T0	P7	P2	RESTRICT_HIGH_RISK_COMMANDS	7ed85d5cbeca8f903b3468bc6ccc1c56e29c2446	true	0.5	0	0	1	0.0	false	OPERATIONAL_BUT_UNVERIFIED	false	false	true	false		
517	10022	A13	20260828T101517Z-wp9-r069-p0517-s10022-a13-04f3f96031b1443da9af842ac1513ca5	E3	T1	P7	P2	RESTRICT_HIGH_RISK_COMMANDS	7ed85d5cbeca8f903b3468bc6ccc1c56e29c2446	true	0.5	0	0	1	0.0	false	RECOVERY_FAILED	false	true	false	false	true	evidence_insufficient
520	10022	A09	20260828T102932Z-wp9-r069-p0520-s10022-a09-719480852492427dafbd4d3a587cd5f8	E1	T1	P7	P4	ENTER_SAFE_MODE	7ed85d5cbeca8f903b3468bc6ccc1c56e29c2446	true	0.0	0	1	1	1.0	false	CONTAINED_NOT_RECOVERED	false	false	false	true		
521	10022	A08	20260828T103415Z-wp9-r069-p0521-s10022-a08-ffa0f2f339eb42d8a81be810c75bb7aa	E1	T1	P2	P2	RESTRICT_HIGH_RISK_COMMANDS	7ed85d5cbeca8f903b3468bc6ccc1c56e29c2446	true	0.5	0	0	1	0.0	false	OPERATIONAL_BUT_UNVERIFIED	false	false	true	false		
526	10022	A10	20260828T105553Z-wp9-r069-p0526-s10022-a10-4173178b20454f338a6ad060f5462826	E3	T0	P2	P2	RESTRICT_HIGH_RISK_COMMANDS	7ed85d5cbeca8f903b3468bc6ccc1c56e29c2446	true	0.5	0	0	1	0.0	false	RECOVERY_FAILED	false	true	false	false	false	fixed_policy
527	10022	A07	20260828T105939Z-wp9-r069-p0527-s10022-a07-1f583e81005645f78481533a79662895	E1	T0	P2	P2	RESTRICT_HIGH_RISK_COMMANDS	7ed85d5cbeca8f903b3468bc6ccc1c56e29c2446	true	0.5	0	0	1	0.0	false	OPERATIONAL_BUT_UNVERIFIED	false	false	true	false		
531	10023	A07	20260828T111950Z-wp9-r069-p0531-s10023-a07-e8c9cc93a78c4f558003f1d449798094	E1	T0	P2	P2	RESTRICT_HIGH_RISK_COMMANDS	7ed85d5cbeca8f903b3468bc6ccc1c56e29c2446	true	0.5	0	0	1	0.0	false	OPERATIONAL_BUT_UNVERIFIED	false	false	true	false		
532	10023	A08	20260828T112502Z-wp9-r069-p0532-s10023-a08-6d07ac733adb4273bd9ba7e277277855	E1	T1	P2	P2	RESTRICT_HIGH_RISK_COMMANDS	7ed85d5cbeca8f903b3468bc6ccc1c56e29c2446	true	0.5	0	0	1	0.0	false	OPERATIONAL_BUT_UNVERIFIED	false	false	true	false		
540	10023	A09	20260828T120330Z-wp9-r069-p0540-s10023-a09-cc070c1548d846ac8263ce120726bf84	E1	T1	P7	P4	ENTER_SAFE_MODE	7ed85d5cbeca8f903b3468bc6ccc1c56e29c2446	true	0.0	0	1	1	1.0	false	CONTAINED_NOT_RECOVERED	false	false	false	true		
543	10023	A10	20260828T121746Z-wp9-r069-p0543-s10023-a10-3c5cf1cad9a04012946c40f32faf0f6a	E3	T0	P2	P2	RESTRICT_HIGH_RISK_COMMANDS	7ed85d5cbeca8f903b3468bc6ccc1c56e29c2446	true	0.5	0	0	1	0.0	false	RECOVERY_FAILED	false	true	false	false	false	fixed_policy
544	10023	A12	20260828T122151Z-wp9-r069-p0544-s10023-a12-cf15235b576e4f51955bdd59b78b8887	E3	T1	P2	P2	RESTRICT_HIGH_RISK_COMMANDS	7ed85d5cbeca8f903b3468bc6ccc1c56e29c2446	true	0.5	0	0	1	0.0	false	RECOVERY_FAILED	false	true	false	false	false	fixed_policy
546	10023	A11	20260828T122937Z-wp9-r069-p0546-s10023-a11-9e928d1575904d608349652a5c00a4da	E3	T0	P7	P5	REQUEST_VERIFIED_ROLLBACK	7ed85d5cbeca8f903b3468bc6ccc1c56e29c2446	true	1.0	0	0	1	0.0	false	TRUSTED_RECOVERY_CONFIRMED	true	false	false	false	false	event_state_contact
549	10023	A04	20260828T124233Z-wp9-r069-p0549-s10023-a04-e8315625084d4032ba34e10e5bf7b604	E1	T0	P7	P2	RESTRICT_HIGH_RISK_COMMANDS	7ed85d5cbeca8f903b3468bc6ccc1c56e29c2446	true	0.5	0	0	1	0.0	false	OPERATIONAL_BUT_UNVERIFIED	false	false	true	false		
551	10023	A13	20260828T131751Z-wp9-r069-p0551-s10023-a13-0ccc25fb637e44bbb100117cfabe9df7	E3	T1	P7	P2	RESTRICT_HIGH_RISK_COMMANDS	7ed85d5cbeca8f903b3468bc6ccc1c56e29c2446	true	0.5	0	0	1	0.0	false	RECOVERY_FAILED	false	true	false	false	true	evidence_insufficient
553	10024	A13	20260828T132657Z-wp9-r069-p0553-s10024-a13-619fc8b509634c559175f719cf4653a1	E3	T1	P7	P2	RESTRICT_HIGH_RISK_COMMANDS	7ed85d5cbeca8f903b3468bc6ccc1c56e29c2446	true	0.5	0	0	1	0.0	false	RECOVERY_FAILED	false	true	false	false	true	evidence_insufficient
555	10024	A07	20260828T133510Z-wp9-r069-p0555-s10024-a07-678a09082e7545f99ad720165fc589d4	E1	T0	P2	P2	RESTRICT_HIGH_RISK_COMMANDS	7ed85d5cbeca8f903b3468bc6ccc1c56e29c2446	true	0.5	0	0	1	0.0	false	OPERATIONAL_BUT_UNVERIFIED	false	false	true	false		
556	10024	A08	20260828T134042Z-wp9-r069-p0556-s10024-a08-542a415f7b9e446d9b56b611e9d590a8	E1	T1	P2	P2	RESTRICT_HIGH_RISK_COMMANDS	7ed85d5cbeca8f903b3468bc6ccc1c56e29c2446	true	0.5	0	0	1	0.0	false	OPERATIONAL_BUT_UNVERIFIED	false	false	true	false		
558	10024	A10	20260828T135149Z-wp9-r069-p0558-s10024-a10-cfdd833308ea4cd398e4f6d277bdc771	E3	T0	P2	P2	RESTRICT_HIGH_RISK_COMMANDS	7ed85d5cbeca8f903b3468bc6ccc1c56e29c2446	true	0.5	0	0	1	0.0	false	RECOVERY_FAILED	false	true	false	false	false	fixed_policy
563	10024	A11	20260828T142129Z-wp9-r069-p0563-s10024-a11-57aca3ab7ddf4fb9a5a43e751cb7344d	E3	T0	P7	P5	REQUEST_VERIFIED_ROLLBACK	7ed85d5cbeca8f903b3468bc6ccc1c56e29c2446	true	1.0	0	0	1	0.0	false	TRUSTED_RECOVERY_CONFIRMED	true	false	false	false	false	event_state_contact
567	10024	A12	20260828T144046Z-wp9-r069-p0567-s10024-a12-a982066b1f16428c9baf9511a87755cc	E3	T1	P2	P2	RESTRICT_HIGH_RISK_COMMANDS	7ed85d5cbeca8f903b3468bc6ccc1c56e29c2446	true	0.5	0	0	1	0.0	false	RECOVERY_FAILED	false	true	false	false	false	fixed_policy
571	10024	A04	20260828T150215Z-wp9-r069-p0571-s10024-a04-2f2e3a8b61a94ad7a40a7c1950712fc2	E1	T0	P7	P2	RESTRICT_HIGH_RISK_COMMANDS	7ed85d5cbeca8f903b3468bc6ccc1c56e29c2446	true	0.5	0	0	1	0.0	false	OPERATIONAL_BUT_UNVERIFIED	false	false	true	false		
573	10024	A09	20260828T151301Z-wp9-r069-p0573-s10024-a09-a81b570cd1c84a5da5fd04d94567f1ed	E1	T1	P7	P4	ENTER_SAFE_MODE	7ed85d5cbeca8f903b3468bc6ccc1c56e29c2446	true	0.0	0	1	1	1.0	false	CONTAINED_NOT_RECOVERED	false	false	false	true		
577	10025	A10	20260828T160007Z-wp9-r069-p0577-s10025-a10-404a1272ac614903aaf2a6b85bef6ed9	E3	T0	P2	P2	RESTRICT_HIGH_RISK_COMMANDS	7ed85d5cbeca8f903b3468bc6ccc1c56e29c2446	true	0.5	0	0	1	0.0	false	RECOVERY_FAILED	false	true	false	false	false	fixed_policy
579	10025	A04	20260828T161123Z-wp9-r069-p0579-s10025-a04-07380e90a4e342128377e0f9488f2752	E1	T0	P7	P2	RESTRICT_HIGH_RISK_COMMANDS	7ed85d5cbeca8f903b3468bc6ccc1c56e29c2446	true	0.5	0	0	1	0.0	false	OPERATIONAL_BUT_UNVERIFIED	false	false	true	false		
582	10025	A08	20260828T205228Z-wp9-r069-p0582-retry-s10025-a08-7b80078d23ef4da088fd29f2ef2407c5	E1	T1	P2	P2	RESTRICT_HIGH_RISK_COMMANDS	7ed85d5cbeca8f903b3468bc6ccc1c56e29c2446	true	0.5	0	0	1	0.0	false	OPERATIONAL_BUT_UNVERIFIED	false	false	true	false		
583	10025	A07	20260828T205816Z-wp9-r069-p0583-s10025-a07-b5cba6615d404f7d939e1b176e2f24d5	E1	T0	P2	P2	RESTRICT_HIGH_RISK_COMMANDS	7ed85d5cbeca8f903b3468bc6ccc1c56e29c2446	true	0.5	0	0	1	0.0	false	OPERATIONAL_BUT_UNVERIFIED	false	false	true	false		
584	10025	A12	20260828T210314Z-wp9-r069-p0584-s10025-a12-f20722890b6a4ab794f39cd3e309e23c	E3	T1	P2	P2	RESTRICT_HIGH_RISK_COMMANDS	7ed85d5cbeca8f903b3468bc6ccc1c56e29c2446	true	0.5	0	0	1	0.0	false	RECOVERY_FAILED	false	true	false	false	false	fixed_policy
587	10025	A11	20260828T211757Z-wp9-r069-p0587-s10025-a11-e9837f2d463644b1aec7b5c8d9000a9f	E3	T0	P7	P5	REQUEST_VERIFIED_ROLLBACK	7ed85d5cbeca8f903b3468bc6ccc1c56e29c2446	true	1.0	0	0	1	0.0	false	TRUSTED_RECOVERY_CONFIRMED	true	false	false	false	false	event_state_contact
596	10025	A09	20260828T221314Z-wp9-r069-p0596-s10025-a09-e8a16ddd603243f884b1e5cb5204a3d9	E1	T1	P7	P4	ENTER_SAFE_MODE	7ed85d5cbeca8f903b3468bc6ccc1c56e29c2446	true	0.0	0	1	1	1.0	false	CONTAINED_NOT_RECOVERED	false	false	false	true		
597	10025	A13	20260828T221820Z-wp9-r069-p0597-s10025-a13-fda7b949534f44239fee77636c58d99e	E3	T1	P7	P2	RESTRICT_HIGH_RISK_COMMANDS	7ed85d5cbeca8f903b3468bc6ccc1c56e29c2446	true	0.5	0	0	1	0.0	false	RECOVERY_FAILED	false	true	false	false	true	evidence_insufficient
605	10026	A09	20260828T225811Z-wp9-r069-p0605-s10026-a09-ab90dc939db14a8b890355fab7dc6e08	E1	T1	P7	P4	ENTER_SAFE_MODE	7ed85d5cbeca8f903b3468bc6ccc1c56e29c2446	true	0.0	0	1	1	1.0	false	CONTAINED_NOT_RECOVERED	false	false	false	true		
610	10026	A12	20260828T232129Z-wp9-r069-p0610-s10026-a12-510c7233a3354374b8ab7c2de71629b0	E3	T1	P2	P2	RESTRICT_HIGH_RISK_COMMANDS	7ed85d5cbeca8f903b3468bc6ccc1c56e29c2446	true	0.5	0	0	1	0.0	false	RECOVERY_FAILED	false	true	false	false	false	fixed_policy
613	10026	A07	20260828T233741Z-wp9-r069-p0613-s10026-a07-17855fa774b84d899ea33d515847c375	E1	T0	P2	P2	RESTRICT_HIGH_RISK_COMMANDS	7ed85d5cbeca8f903b3468bc6ccc1c56e29c2446	true	0.5	0	0	1	0.0	false	OPERATIONAL_BUT_UNVERIFIED	false	false	true	false		
616	10026	A13	20260828T235538Z-wp9-r069-p0616-s10026-a13-27ee238642864f238c1af701c38ae8a6	E3	T1	P7	P2	RESTRICT_HIGH_RISK_COMMANDS	7ed85d5cbeca8f903b3468bc6ccc1c56e29c2446	true	0.5	0	0	1	0.0	false	RECOVERY_FAILED	false	true	false	false	true	evidence_insufficient
617	10026	A04	20260829T000158Z-wp9-r069-p0617-s10026-a04-86e501e9a41a4ee4ba3fae21af43ff3e	E1	T0	P7	P2	RESTRICT_HIGH_RISK_COMMANDS	7ed85d5cbeca8f903b3468bc6ccc1c56e29c2446	true	0.5	0	0	1	0.0	false	OPERATIONAL_BUT_UNVERIFIED	false	false	true	false		
618	10026	A11	20260829T002107Z-wp9-r069-p0618-s10026-a11-8c6644f057404e0895a138b893c1619a	E3	T0	P7	P5	REQUEST_VERIFIED_ROLLBACK	7ed85d5cbeca8f903b3468bc6ccc1c56e29c2446	true	1.0	0	0	1	0.0	false	TRUSTED_RECOVERY_CONFIRMED	true	false	false	false	false	event_state_contact
619	10026	A10	20260829T002551Z-wp9-r069-p0619-s10026-a10-e9c8bbc889f348029b1b6a5d8e1af070	E3	T0	P2	P2	RESTRICT_HIGH_RISK_COMMANDS	7ed85d5cbeca8f903b3468bc6ccc1c56e29c2446	true	0.5	0	0	1	0.0	false	RECOVERY_FAILED	false	true	false	false	false	fixed_policy
624	10026	A08	20260829T005603Z-wp9-r069-p0624-s10026-a08-6f158bdb3f99404ba397e8f84b8ff18b	E1	T1	P2	P2	RESTRICT_HIGH_RISK_COMMANDS	7ed85d5cbeca8f903b3468bc6ccc1c56e29c2446	true	0.5	0	0	1	0.0	false	OPERATIONAL_BUT_UNVERIFIED	false	false	true	false		
626	10027	A13	20260829T010534Z-wp9-r069-p0626-s10027-a13-9f7490cf46174b8f9119bc3f8af28604	E3	T1	P7	P2	RESTRICT_HIGH_RISK_COMMANDS	7ed85d5cbeca8f903b3468bc6ccc1c56e29c2446	true	0.5	0	0	1	0.0	false	RECOVERY_FAILED	false	true	false	false	true	evidence_insufficient
631	10027	A11	20260829T013846Z-wp9-r069-p0631-s10027-a11-0387f06f98be43ae8731b9a80972a3bc	E3	T0	P7	P5	REQUEST_VERIFIED_ROLLBACK	7ed85d5cbeca8f903b3468bc6ccc1c56e29c2446	true	1.0	0	0	1	0.0	false	TRUSTED_RECOVERY_CONFIRMED	true	false	false	false	false	event_state_contact
637	10027	A07	20260829T021709Z-wp9-r069-p0637-s10027-a07-0ecee63dd2ca4449bdd8fbc5d0c79dbd	E1	T0	P2	P2	RESTRICT_HIGH_RISK_COMMANDS	7ed85d5cbeca8f903b3468bc6ccc1c56e29c2446	true	0.5	0	0	1	0.0	false	OPERATIONAL_BUT_UNVERIFIED	false	false	true	false		
642	10027	A12	20260829T025041Z-wp9-r069-p0642-s10027-a12-d2198b60a45646058f236fdfd3588389	E3	T1	P2	P2	RESTRICT_HIGH_RISK_COMMANDS	7ed85d5cbeca8f903b3468bc6ccc1c56e29c2446	true	0.5	0	0	1	0.0	false	RECOVERY_FAILED	false	true	false	false	false	fixed_policy
644	10027	A10	20260829T030102Z-wp9-r069-p0644-s10027-a10-607e6ff4b6fc40ac89e3e8d0b7cda47d	E3	T0	P2	P2	RESTRICT_HIGH_RISK_COMMANDS	7ed85d5cbeca8f903b3468bc6ccc1c56e29c2446	true	0.5	0	0	1	0.0	false	RECOVERY_FAILED	false	true	false	false	false	fixed_policy
645	10027	A09	20260829T030556Z-wp9-r069-p0645-s10027-a09-1b62121cdc4a4d249740fa6712d66e6d	E1	T1	P7	P4	ENTER_SAFE_MODE	7ed85d5cbeca8f903b3468bc6ccc1c56e29c2446	true	0.0	0	1	1	1.0	false	CONTAINED_NOT_RECOVERED	false	false	false	true		
647	10027	A08	20260829T031823Z-wp9-r069-p0647-s10027-a08-48d20c5ab3eb4f4eb4c64d6a5cf2c6bf	E1	T1	P2	P2	RESTRICT_HIGH_RISK_COMMANDS	7ed85d5cbeca8f903b3468bc6ccc1c56e29c2446	true	0.5	0	0	1	0.0	false	OPERATIONAL_BUT_UNVERIFIED	false	false	true	false		
648	10027	A04	20260829T032333Z-wp9-r069-p0648-s10027-a04-bfbc2d2c5eac4ada987136737cab3d91	E1	T0	P7	P2	RESTRICT_HIGH_RISK_COMMANDS	7ed85d5cbeca8f903b3468bc6ccc1c56e29c2446	true	0.5	0	0	1	0.0	false	OPERATIONAL_BUT_UNVERIFIED	false	false	true	false		
651	10028	A10	20260829T042146Z-wp9-r069-p0651-s10028-a10-87e981aa441d484dac09aa6677276aa8	E3	T0	P2	P2	RESTRICT_HIGH_RISK_COMMANDS	7ed85d5cbeca8f903b3468bc6ccc1c56e29c2446	true	0.5	0	0	1	0.0	false	RECOVERY_FAILED	false	true	false	false	false	fixed_policy
652	10028	A12	20260829T042601Z-wp9-r069-p0652-s10028-a12-25577552335e454897a21a3608ccc30a	E3	T1	P2	P2	RESTRICT_HIGH_RISK_COMMANDS	7ed85d5cbeca8f903b3468bc6ccc1c56e29c2446	true	0.5	0	0	1	0.0	false	RECOVERY_FAILED	false	true	false	false	false	fixed_policy
653	10028	A08	20260829T043012Z-wp9-r069-p0653-s10028-a08-b452dfa147684ded8743fbf1c3ff55e9	E1	T1	P2	P2	RESTRICT_HIGH_RISK_COMMANDS	7ed85d5cbeca8f903b3468bc6ccc1c56e29c2446	true	0.5	0	0	1	0.0	false	OPERATIONAL_BUT_UNVERIFIED	false	false	true	false		
654	10028	A07	20260829T043527Z-wp9-r069-p0654-s10028-a07-f5a409d24abd424b93e1dd6cecefa73f	E1	T0	P2	P2	RESTRICT_HIGH_RISK_COMMANDS	7ed85d5cbeca8f903b3468bc6ccc1c56e29c2446	true	0.5	0	0	1	0.0	false	OPERATIONAL_BUT_UNVERIFIED	false	false	true	false		
662	10028	A11	20260829T063024Z-wp9-r069-p0662-s10028-a11-ba127fad2b9345528627863bb6d6f7ca	E3	T0	P7	P5	REQUEST_VERIFIED_ROLLBACK	7ed85d5cbeca8f903b3468bc6ccc1c56e29c2446	true	1.0	0	0	1	0.0	false	TRUSTED_RECOVERY_CONFIRMED	true	false	false	false	false	event_state_contact
665	10028	A13	20260829T064927Z-wp9-r069-p0665-s10028-a13-0dfb56bd54ea456caa80fc84b0d1c2b0	E3	T1	P7	P2	RESTRICT_HIGH_RISK_COMMANDS	7ed85d5cbeca8f903b3468bc6ccc1c56e29c2446	true	0.5	0	0	1	0.0	false	RECOVERY_FAILED	false	true	false	false	true	evidence_insufficient
666	10028	A09	20260829T065456Z-wp9-r069-p0666-s10028-a09-f6d5d0d115fc4f5fa12bed4afb85fd3c	E1	T1	P7	P4	ENTER_SAFE_MODE	7ed85d5cbeca8f903b3468bc6ccc1c56e29c2446	true	0.0	0	1	1	1.0	false	CONTAINED_NOT_RECOVERED	false	false	false	true		
667	10028	A04	20260829T070025Z-wp9-r069-p0667-s10028-a04-cd289a053f6b46f7b1614815c2c33c62	E1	T0	P7	P2	RESTRICT_HIGH_RISK_COMMANDS	7ed85d5cbeca8f903b3468bc6ccc1c56e29c2446	true	0.5	0	0	1	0.0	false	OPERATIONAL_BUT_UNVERIFIED	false	false	true	false		
673	10029	A04	20260829T073032Z-wp9-r069-p0673-s10029-a04-8e8323261cf14cbfae256579edef7954	E1	T0	P7	P2	RESTRICT_HIGH_RISK_COMMANDS	7ed85d5cbeca8f903b3468bc6ccc1c56e29c2446	true	0.5	0	0	1	0.0	false	OPERATIONAL_BUT_UNVERIFIED	false	false	true	false		
674	10029	A12	20260829T073554Z-wp9-r069-p0674-s10029-a12-080438e9e7014f0a8d458f4ec53eedd4	E3	T1	P2	P2	RESTRICT_HIGH_RISK_COMMANDS	7ed85d5cbeca8f903b3468bc6ccc1c56e29c2446	true	0.5	0	0	1	0.0	false	RECOVERY_FAILED	false	true	false	false	false	fixed_policy
675	10029	A08	20260829T074010Z-wp9-r069-p0675-s10029-a08-1ba9746009684240a07d2464bb107391	E1	T1	P2	P2	RESTRICT_HIGH_RISK_COMMANDS	7ed85d5cbeca8f903b3468bc6ccc1c56e29c2446	true	0.5	0	0	1	0.0	false	OPERATIONAL_BUT_UNVERIFIED	false	false	true	false		
686	10029	A11	20260829T083534Z-wp9-r069-p0686-s10029-a11-aa2a5a6ef60942b8b6f6fb954f7963a5	E3	T0	P7	P5	REQUEST_VERIFIED_ROLLBACK	7ed85d5cbeca8f903b3468bc6ccc1c56e29c2446	true	1.0	0	0	1	0.0	false	TRUSTED_RECOVERY_CONFIRMED	true	false	false	false	false	event_state_contact
688	10029	A13	20260829T084412Z-wp9-r069-p0688-s10029-a13-0a4747534444472db8563a019d38dccf	E3	T1	P7	P2	RESTRICT_HIGH_RISK_COMMANDS	7ed85d5cbeca8f903b3468bc6ccc1c56e29c2446	true	0.5	0	0	1	0.0	false	RECOVERY_FAILED	false	true	false	false	true	evidence_insufficient
691	10029	A09	20260829T085623Z-wp9-r069-p0691-s10029-a09-73788a4f4d044ed283ee2550a17e7196	E1	T1	P7	P4	ENTER_SAFE_MODE	7ed85d5cbeca8f903b3468bc6ccc1c56e29c2446	true	0.0	0	1	1	1.0	false	CONTAINED_NOT_RECOVERED	false	false	false	true		
694	10029	A07	20260829T091115Z-wp9-r069-p0694-s10029-a07-b57e4a85cd9d4bf18c36140b4f5b014b	E1	T0	P2	P2	RESTRICT_HIGH_RISK_COMMANDS	7ed85d5cbeca8f903b3468bc6ccc1c56e29c2446	true	0.5	0	0	1	0.0	false	OPERATIONAL_BUT_UNVERIFIED	false	false	true	false		
696	10029	A10	20260829T092050Z-wp9-r069-p0696-s10029-a10-9886736abfbd4bc6ad9af83535441c16	E3	T0	P2	P2	RESTRICT_HIGH_RISK_COMMANDS	7ed85d5cbeca8f903b3468bc6ccc1c56e29c2446	true	0.5	0	0	1	0.0	false	RECOVERY_FAILED	false	true	false	false	false	fixed_policy
697	10030	A07	20260829T092443Z-wp9-r069-p0697-s10030-a07-a2c1393e58294f149d1785628905cd5e	E1	T0	P2	P2	RESTRICT_HIGH_RISK_COMMANDS	7ed85d5cbeca8f903b3468bc6ccc1c56e29c2446	true	0.5	0	0	1	0.0	false	OPERATIONAL_BUT_UNVERIFIED	false	false	true	false		
699	10030	A08	20260829T093342Z-wp9-r069-p0699-s10030-a08-dfd6f54f29454b7d8cf6b2ba114c6a01	E1	T1	P2	P2	RESTRICT_HIGH_RISK_COMMANDS	7ed85d5cbeca8f903b3468bc6ccc1c56e29c2446	true	0.5	0	0	1	0.0	false	OPERATIONAL_BUT_UNVERIFIED	false	false	true	false		
701	10030	A11	20260829T094329Z-wp9-r069-p0701-s10030-a11-48f119671ae14e379eb9d2f83a6dcf17	E3	T0	P7	P5	REQUEST_VERIFIED_ROLLBACK	7ed85d5cbeca8f903b3468bc6ccc1c56e29c2446	true	1.0	0	0	1	0.0	false	TRUSTED_RECOVERY_CONFIRMED	true	false	false	false	false	event_state_contact
703	10030	A12	20260829T095208Z-wp9-r069-p0703-s10030-a12-7da7df8fa4b04b4699e4378bb9117ecf	E3	T1	P2	P2	RESTRICT_HIGH_RISK_COMMANDS	7ed85d5cbeca8f903b3468bc6ccc1c56e29c2446	true	0.5	0	0	1	0.0	false	RECOVERY_FAILED	false	true	false	false	false	fixed_policy
704	10030	A13	20260829T095609Z-wp9-r069-p0704-s10030-a13-01118e6c352a45d5ba17aa2d1b589dca	E3	T1	P7	P2	RESTRICT_HIGH_RISK_COMMANDS	7ed85d5cbeca8f903b3468bc6ccc1c56e29c2446	true	0.5	0	0	1	0.0	false	RECOVERY_FAILED	false	true	false	false	true	evidence_insufficient
709	10030	A10	20260829T101818Z-wp9-r069-p0709-s10030-a10-0939d21d19e74c1d96114c90d894ac14	E3	T0	P2	P2	RESTRICT_HIGH_RISK_COMMANDS	7ed85d5cbeca8f903b3468bc6ccc1c56e29c2446	true	0.5	0	0	1	0.0	false	RECOVERY_FAILED	false	true	false	false	false	fixed_policy
710	10030	A04	20260829T102216Z-wp9-r069-p0710-s10030-a04-9c684f1cc2ad4269a173e9b649abbe00	E1	T0	P7	P2	RESTRICT_HIGH_RISK_COMMANDS	7ed85d5cbeca8f903b3468bc6ccc1c56e29c2446	true	0.5	0	0	1	0.0	false	OPERATIONAL_BUT_UNVERIFIED	false	false	true	false		
711	10030	A09	20260829T102715Z-wp9-r069-p0711-s10030-a09-5ee7db5df0fe4375997f050c5ecce5d6	E1	T1	P7	P4	ENTER_SAFE_MODE	7ed85d5cbeca8f903b3468bc6ccc1c56e29c2446	true	0.0	0	1	1	1.0	false	CONTAINED_NOT_RECOVERED	false	false	false	true		
